,node_id,community_id,node_type_mask,label,is_target,importance_annotator1,importance_annotator2,importance_annotator3,importance_annotator4,importance_annotator5,importance_avg
0,0,0,link,1.0,0,2.0,,2.0,,,2.0
1,1,0,link,0.0,0,0.0,,0.0,,,0.0
2,2,0,link,1.0,0,2.0,,2.0,,,2.0
3,3,0,link,1.0,0,2.0,,2.0,,,2.0
4,4,0,link,1.0,0,2.0,,2.0,,,2.0
5,5,0,link,1.0,0,2.0,,2.0,,,2.0
6,6,0,link,1.0,0,2.0,,2.0,,,2.0
7,7,0,link,1.0,0,2.0,,2.0,,,2.0
8,8,0,link,1.0,0,2.0,,2.0,,,2.0
9,9,0,link,1.0,0,2.0,,2.0,,,2.0
10,10,0,link,1.0,0,2.0,,2.0,,,2.0
11,11,0,entity_0,1.0,0,0.0,,0.0,,,0.0
12,12,0,link,1.0,0,2.0,,2.0,,,2.0
13,13,0,link,1.0,0,2.0,,2.0,,,2.0
14,14,0,link,1.0,0,2.0,,2.0,,,2.0
15,15,0,link,1.0,0,2.0,,2.0,,,2.0
16,16,0,link,1.0,0,2.0,,2.0,,,2.0
17,17,0,link,1.0,0,2.0,,2.0,,,2.0
18,18,0,link,1.0,0,2.0,,2.0,,,2.0
19,19,0,link,1.0,1,2.0,,2.0,,,2.0
20,20,0,link,1.0,0,2.0,,2.0,,,2.0
21,21,0,link,1.0,0,2.0,,2.0,,,2.0
22,22,0,link,1.0,0,2.0,,2.0,,,2.0
23,23,0,link,1.0,0,2.0,,2.0,,,2.0
24,24,0,link,1.0,0,2.0,,2.0,,,2.0
25,25,0,link,1.0,0,2.0,,2.0,,,2.0
26,26,0,link,1.0,0,2.0,,2.0,,,2.0
27,27,0,link,1.0,0,2.0,,2.0,,,2.0
28,28,0,link,1.0,0,2.0,,2.0,,,2.0
29,29,0,link,1.0,0,2.0,,2.0,,,2.0
30,30,0,link,0.0,0,0.0,,0.0,,,0.0
31,31,0,link,0.0,0,0.0,,0.0,,,0.0
32,32,0,link,1.0,0,2.0,,2.0,,,2.0
33,33,0,link,1.0,0,2.0,,2.0,,,2.0
34,34,0,link,1.0,0,2.0,,2.0,,,2.0
35,35,0,link,0.0,0,0.0,,0.0,,,0.0
36,36,0,link,1.0,0,2.0,,2.0,,,2.0
37,37,0,link,1.0,0,2.0,,2.0,,,2.0
38,38,0,link,1.0,0,2.0,,2.0,,,2.0
39,39,0,link,1.0,0,2.0,,2.0,,,2.0
40,40,0,link,1.0,0,2.0,,2.0,,,2.0
41,41,0,link,1.0,0,2.0,,2.0,,,2.0
42,42,0,entity_0,,0,2.0,,2.0,,,2.0
43,43,0,entity_1,,0,2.0,,2.0,,,2.0
44,44,0,link,1.0,0,2.0,,2.0,,,2.0
45,45,0,entity_2,,0,2.0,,2.0,,,2.0
46,46,0,link,1.0,0,2.0,,2.0,,,2.0
47,47,0,link,1.0,0,2.0,,2.0,,,2.0
48,48,0,link,1.0,0,2.0,,2.0,,,2.0
49,49,0,link,1.0,0,2.0,,2.0,,,2.0
50,50,0,link,1.0,0,2.0,,2.0,,,2.0
51,51,0,link,1.0,0,2.0,,2.0,,,2.0
52,52,0,node,,0,2.0,,2.0,,,2.0
53,53,0,link,1.0,0,2.0,,2.0,,,2.0
54,54,0,link,1.0,0,2.0,,2.0,,,2.0
55,55,0,link,1.0,0,2.0,,2.0,,,2.0
56,56,0,link,1.0,0,2.0,,2.0,,,2.0
57,57,0,link,1.0,0,2.0,,2.0,,,2.0
58,58,0,link,1.0,0,2.0,,2.0,,,2.0
59,0,1,link,1.0,0,0.0,,0.0,,,0.0
60,1,1,link,1.0,0,0.0,,0.0,,,0.0
61,2,1,link,0.0,0,2.0,,2.0,,,2.0
62,3,1,link,1.0,0,0.0,,0.0,,,0.0
63,4,1,link,1.0,0,0.0,,0.0,,,0.0
64,5,1,link,1.0,0,0.0,,0.0,,,0.0
65,6,1,entity_2,,0,2.0,,2.0,,,2.0
66,7,1,entity_2,,0,0.0,,0.0,,,0.0
67,8,1,entity_0,,0,2.0,,2.0,,,2.0
68,9,1,link,0.0,0,2.0,,2.0,,,2.0
69,10,1,link,1.0,0,0.0,,0.0,,,0.0
70,11,1,link,1.0,0,0.0,,0.0,,,0.0
71,12,1,link,1.0,0,0.0,,0.0,,,0.0
72,13,1,link,1.0,0,0.0,,0.0,,,0.0
73,14,1,link,1.0,0,0.0,,0.0,,,0.0
74,15,1,link,1.0,0,0.0,,0.0,,,0.0
75,16,1,link,1.0,0,0.0,,0.0,,,0.0
76,17,1,link,1.0,0,0.0,,0.0,,,0.0
77,18,1,link,1.0,0,0.0,,0.0,,,0.0
78,19,1,link,1.0,0,0.0,,0.0,,,0.0
79,20,1,link,1.0,0,0.0,,0.0,,,0.0
80,21,1,link,0.0,0,2.0,,2.0,,,2.0
81,22,1,link,1.0,0,0.0,,0.0,,,0.0
82,23,1,link,1.0,0,0.0,,0.0,,,0.0
83,24,1,link,1.0,0,0.0,,0.0,,,0.0
84,25,1,link,1.0,0,0.0,,0.0,,,0.0
85,26,1,link,1.0,0,0.0,,0.0,,,0.0
86,27,1,entity_1,,0,2.0,,2.0,,,2.0
87,28,1,link,1.0,0,0.0,,0.0,,,0.0
88,29,1,link,1.0,0,0.0,,0.0,,,0.0
89,30,1,link,1.0,0,0.0,,0.0,,,0.0
90,31,1,link,1.0,0,0.0,,0.0,,,0.0
91,32,1,link,1.0,0,0.0,,0.0,,,0.0
92,33,1,link,1.0,0,0.0,,0.0,,,0.0
93,34,1,node,,0,2.0,,2.0,,,2.0
94,35,1,link,1.0,0,0.0,,0.0,,,0.0
95,36,1,link,1.0,0,0.0,,0.0,,,0.0
96,37,1,link,1.0,0,0.0,,0.0,,,0.0
97,38,1,link,1.0,0,0.0,,0.0,,,0.0
98,39,1,link,0.0,1,2.0,,2.0,,,2.0
99,40,1,link,1.0,0,0.0,,0.0,,,0.0
100,0,2,entity_2,,0,0.0,,0.0,,,0.0
101,1,2,link,0.0,0,0.0,,0.0,,,0.0
102,2,2,link,1.0,0,2.0,,2.0,,,2.0
103,3,2,link,0.0,0,0.0,,0.0,,,0.0
104,4,2,node,,0,0.0,,0.0,,,0.0
105,5,2,link,1.0,0,2.0,,1.0,,,1.5
106,6,2,link,0.0,0,0.0,,0.0,,,0.0
107,7,2,link,0.0,0,0.0,,0.0,,,0.0
108,8,2,entity_2,,0,0.0,,0.0,,,0.0
109,9,2,entity_2,,0,0.0,,0.0,,,0.0
110,10,2,link,1.0,0,2.0,,1.0,,,1.5
111,11,2,entity_1,,0,0.0,,0.0,,,0.0
112,12,2,link,0.0,0,0.0,,0.0,,,0.0
113,13,2,link,1.0,0,2.0,,1.0,,,1.5
114,14,2,link,0.0,0,0.0,,0.0,,,0.0
115,15,2,entity_0,,0,0.0,,1.0,,,0.5
116,16,2,link,1.0,0,2.0,,1.0,,,1.5
117,17,2,entity_0,,0,0.0,,0.0,,,0.0
118,18,2,link,1.0,1,2.0,,2.0,,,2.0
119,19,2,link,1.0,0,2.0,,1.0,,,1.5
120,20,2,link,1.0,0,2.0,,1.0,,,1.5
121,21,2,link,1.0,0,2.0,,1.0,,,1.5
122,22,2,link,0.0,0,0.0,,0.0,,,0.0
123,23,2,link,0.0,0,0.0,,0.0,,,0.0
124,24,2,link,0.0,0,0.0,,0.0,,,0.0
125,25,2,link,1.0,0,2.0,,1.0,,,1.5
126,26,2,entity_2,,0,0.0,,0.0,,,0.0
127,27,2,link,1.0,0,2.0,,1.0,,,1.5
128,28,2,link,1.0,0,2.0,,1.0,,,1.5
129,29,2,node,,0,0.0,,0.0,,,0.0
130,30,2,entity_2,,0,0.0,,0.0,,,0.0
131,31,2,node,,0,2.0,,2.0,,,2.0
132,32,2,entity_1,,0,0.0,,0.0,,,0.0
133,33,2,entity_0,,0,0.0,,0.0,,,0.0
134,34,2,link,0.0,0,0.0,,0.0,,,0.0
135,35,2,node,,0,0.0,,0.0,,,0.0
136,36,2,entity_0,,0,0.0,,0.0,,,0.0
137,37,2,link,0.0,0,0.0,,0.0,,,0.0
138,38,2,link,1.0,0,2.0,,1.0,,,1.5
139,39,2,entity_0,,0,0.0,,0.0,,,0.0
140,40,2,link,0.0,0,0.0,,0.0,,,0.0
141,41,2,link,1.0,0,2.0,,1.0,,,1.5
142,42,2,entity_1,,0,2.0,,2.0,,,2.0
143,43,2,link,1.0,0,2.0,,1.0,,,1.5
144,44,2,link,1.0,0,0.0,,0.0,,,0.0
145,45,2,link,0.0,0,0.0,,0.0,,,0.0
146,46,2,entity_0,,0,2.0,,2.0,,,2.0
147,47,2,link,1.0,0,2.0,,1.0,,,1.5
148,48,2,entity_2,,0,0.0,,0.0,,,0.0
149,49,2,link,0.0,0,0.0,,0.0,,,0.0
150,50,2,link,0.0,0,0.0,,0.0,,,0.0
151,51,2,entity_2,,0,0.0,,0.0,,,0.0
152,52,2,entity_2,,0,0.0,,0.0,,,0.0
153,53,2,link,0.0,0,0.0,,0.0,,,0.0
154,54,2,link,1.0,0,2.0,,1.0,,,1.5
155,55,2,entity_0,,0,0.0,,1.0,,,0.5
156,56,2,entity_1,,0,0.0,,0.0,,,0.0
157,57,2,link,1.0,0,2.0,,1.0,,,1.5
158,58,2,link,1.0,0,2.0,,1.0,,,1.5
159,59,2,link,1.0,0,2.0,,1.0,,,1.5
160,60,2,link,1.0,0,2.0,,1.0,,,1.5
161,61,2,link,1.0,0,2.0,,1.0,,,1.5
162,0,3,link,1.0,0,2.0,,2.0,,,2.0
163,1,3,link,1.0,0,2.0,,2.0,,,2.0
164,2,3,link,1.0,0,2.0,,2.0,,,2.0
165,3,3,link,1.0,0,2.0,,2.0,,,2.0
166,4,3,link,1.0,0,2.0,,2.0,,,2.0
167,5,3,link,1.0,0,2.0,,2.0,,,2.0
168,6,3,link,1.0,0,2.0,,2.0,,,2.0
169,7,3,link,1.0,0,2.0,,2.0,,,2.0
170,8,3,link,0.0,0,0.0,,0.0,,,0.0
171,9,3,link,1.0,0,2.0,,2.0,,,2.0
172,10,3,link,1.0,0,2.0,,2.0,,,2.0
173,11,3,link,1.0,0,2.0,,2.0,,,2.0
174,12,3,link,1.0,0,2.0,,2.0,,,2.0
175,13,3,link,1.0,0,2.0,,2.0,,,2.0
176,14,3,link,1.0,0,2.0,,2.0,,,2.0
177,15,3,entity_1,,0,2.0,,2.0,,,2.0
178,16,3,link,1.0,0,2.0,,2.0,,,2.0
179,17,3,link,1.0,0,2.0,,2.0,,,2.0
180,18,3,link,1.0,0,2.0,,2.0,,,2.0
181,19,3,link,1.0,0,2.0,,2.0,,,2.0
182,20,3,link,1.0,0,2.0,,2.0,,,2.0
183,21,3,link,1.0,0,2.0,,2.0,,,2.0
184,22,3,entity_2,,0,2.0,,2.0,,,2.0
185,23,3,link,0.0,0,0.0,,0.0,,,0.0
186,24,3,link,1.0,0,2.0,,2.0,,,2.0
187,25,3,link,1.0,0,2.0,,2.0,,,2.0
188,26,3,link,1.0,0,2.0,,2.0,,,2.0
189,27,3,link,1.0,0,2.0,,2.0,,,2.0
190,28,3,link,1.0,0,2.0,,2.0,,,2.0
191,29,3,link,1.0,0,2.0,,2.0,,,2.0
192,30,3,entity_0,,0,2.0,,2.0,,,2.0
193,31,3,node,,0,2.0,,2.0,,,2.0
194,32,3,link,1.0,0,2.0,,2.0,,,2.0
195,33,3,link,1.0,0,2.0,,2.0,,,2.0
196,34,3,link,1.0,0,2.0,,2.0,,,2.0
197,35,3,link,1.0,0,2.0,,2.0,,,2.0
198,36,3,link,1.0,1,2.0,,2.0,,,2.0
199,0,4,entity_0,,0,0.0,,0.0,,,0.0
200,1,4,entity_0,,0,0.0,,0.0,,,0.0
201,2,4,link,0.0,0,0.0,,0.0,,,0.0
202,3,4,entity_2,,0,2.0,,2.0,,,2.0
203,4,4,link,0.0,0,0.0,,0.0,,,0.0
204,5,4,link,1.0,0,2.0,,2.0,,,2.0
205,6,4,link,0.0,0,0.0,,0.0,,,0.0
206,7,4,entity_0,,0,0.0,,0.0,,,0.0
207,8,4,entity_0,,0,0.0,,0.0,,,0.0
208,9,4,link,0.0,0,0.0,,0.0,,,0.0
209,10,4,link,0.0,0,0.0,,0.0,,,0.0
210,11,4,link,0.0,0,0.0,,0.0,,,0.0
211,12,4,link,0.0,0,0.0,,0.0,,,0.0
212,13,4,link,0.0,0,0.0,,0.0,,,0.0
213,14,4,node,,0,0.0,,0.0,,,0.0
214,15,4,node,,0,0.0,,0.0,,,0.0
215,16,4,link,0.0,0,0.0,,0.0,,,0.0
216,17,4,node,,0,0.0,,0.0,,,0.0
217,18,4,link,0.0,0,0.0,,0.0,,,0.0
218,19,4,link,0.0,0,0.0,,0.0,,,0.0
219,20,4,entity_1,,0,0.0,,0.0,,,0.0
220,21,4,node,,0,2.0,,2.0,,,2.0
221,22,4,entity_1,,0,0.0,,0.0,,,0.0
222,23,4,link,0.0,0,0.0,,0.0,,,0.0
223,24,4,node,,0,0.0,,0.0,,,0.0
224,25,4,node,,0,0.0,,0.0,,,0.0
225,26,4,link,0.0,0,0.0,,0.0,,,0.0
226,27,4,node,,0,0.0,,0.0,,,0.0
227,28,4,link,1.0,0,2.0,,2.0,,,2.0
228,29,4,link,0.0,0,0.0,,0.0,,,0.0
229,30,4,link,0.0,0,0.0,,0.0,,,0.0
230,31,4,link,0.0,0,0.0,,0.0,,,0.0
231,32,4,link,0.0,0,0.0,,0.0,,,0.0
232,33,4,entity_0,,0,0.0,,0.0,,,0.0
233,34,4,link,0.0,0,0.0,,0.0,,,0.0
234,35,4,link,0.0,0,0.0,,0.0,,,0.0
235,36,4,entity_1,,0,0.0,,0.0,,,0.0
236,37,4,link,0.0,0,0.0,,0.0,,,0.0
237,38,4,link,0.0,0,0.0,,0.0,,,0.0
238,39,4,entity_1,,0,0.0,,0.0,,,0.0
239,40,4,link,0.0,0,0.0,,0.0,,,0.0
240,41,4,link,0.0,0,0.0,,0.0,,,0.0
241,42,4,link,0.0,0,0.0,,0.0,,,0.0
242,43,4,link,0.0,0,0.0,,0.0,,,0.0
243,44,4,link,0.0,0,0.0,,0.0,,,0.0
244,45,4,entity_0,,0,2.0,,2.0,,,2.0
245,46,4,link,0.0,0,0.0,,0.0,,,0.0
246,47,4,link,0.0,0,0.0,,0.0,,,0.0
247,48,4,entity_1,,0,0.0,,0.0,,,0.0
248,49,4,link,0.0,0,0.0,,0.0,,,0.0
249,50,4,entity_1,,0,0.0,,0.0,,,0.0
250,51,4,link,0.0,0,0.0,,0.0,,,0.0
251,52,4,node,,0,0.0,,0.0,,,0.0
252,53,4,link,0.0,0,0.0,,0.0,,,0.0
253,54,4,entity_0,,0,0.0,,0.0,,,0.0
254,55,4,link,0.0,0,0.0,,0.0,,,0.0
255,56,4,entity_1,,0,0.0,,0.0,,,0.0
256,57,4,link,1.0,1,2.0,,2.0,,,2.0
257,58,4,link,0.0,0,0.0,,0.0,,,0.0
258,59,4,link,0.0,0,0.0,,0.0,,,0.0
259,60,4,entity_1,,0,2.0,,2.0,,,2.0
260,61,4,entity_0,,0,0.0,,0.0,,,0.0
261,0,5,link,1.0,0,2.0,,2.0,0.0,,1.3333333333333333
262,1,5,link,1.0,0,2.0,,2.0,0.0,,1.3333333333333333
263,2,5,link,1.0,0,2.0,,2.0,0.0,,1.3333333333333333
264,3,5,link,1.0,0,2.0,,2.0,0.0,,1.3333333333333333
265,4,5,link,1.0,0,2.0,,1.0,0.0,,1.0
266,5,5,link,1.0,0,2.0,,2.0,0.0,,1.3333333333333333
267,6,5,link,0.0,0,0.0,,0.0,0.0,,0.0
268,7,5,link,1.0,0,2.0,,2.0,0.0,,1.3333333333333333
269,8,5,link,1.0,0,2.0,,2.0,0.0,,1.3333333333333333
270,9,5,link,1.0,0,2.0,,2.0,0.0,,1.3333333333333333
271,10,5,link,1.0,0,2.0,,2.0,0.0,,1.3333333333333333
272,11,5,link,1.0,0,2.0,,2.0,0.0,,1.3333333333333333
273,12,5,entity_2,,0,2.0,,0.0,0.0,,0.6666666666666666
274,13,5,link,1.0,0,2.0,,2.0,0.0,,1.3333333333333333
275,14,5,link,1.0,0,2.0,,2.0,0.0,,1.3333333333333333
276,15,5,node,,0,2.0,,0.0,0.0,,0.6666666666666666
277,16,5,link,0.0,0,0.0,,0.0,0.0,,0.0
278,17,5,entity_0,,0,2.0,,2.0,2.0,,2.0
279,18,5,entity_1,,0,2.0,,2.0,2.0,,2.0
280,19,5,link,1.0,0,2.0,,2.0,0.0,,1.3333333333333333
281,20,5,link,1.0,0,2.0,,2.0,0.0,,1.3333333333333333
282,21,5,link,1.0,0,2.0,,2.0,0.0,,1.3333333333333333
283,22,5,link,1.0,0,2.0,,1.0,0.0,,1.0
284,23,5,link,1.0,0,2.0,,2.0,0.0,,1.3333333333333333
285,24,5,link,1.0,0,2.0,,2.0,0.0,,1.3333333333333333
286,25,5,link,1.0,0,2.0,,2.0,0.0,,1.3333333333333333
287,26,5,link,0.0,0,0.0,,0.0,0.0,,0.0
288,27,5,link,1.0,0,2.0,,2.0,0.0,,1.3333333333333333
289,28,5,link,1.0,0,2.0,,2.0,0.0,,1.3333333333333333
290,29,5,entity_2,,0,2.0,,2.0,2.0,,2.0
291,30,5,link,1.0,0,2.0,,2.0,0.0,,1.3333333333333333
292,31,5,entity_1,,0,2.0,,0.0,0.0,,0.6666666666666666
293,32,5,link,1.0,0,2.0,,1.0,0.0,,1.0
294,33,5,link,1.0,0,2.0,,1.0,0.0,,1.0
295,34,5,link,1.0,0,2.0,,2.0,0.0,,1.3333333333333333
296,35,5,link,1.0,0,2.0,,2.0,0.0,,1.3333333333333333
297,36,5,link,1.0,1,2.0,,2.0,2.0,,2.0
298,37,5,node,,0,2.0,,2.0,2.0,,2.0
299,38,5,link,0.0,0,0.0,,0.0,0.0,,0.0
300,0,6,node,,0,0.0,,0.0,,,0.0
301,1,6,link,0.0,0,0.0,,0.0,,,0.0
302,2,6,link,0.0,0,0.0,,0.0,,,0.0
303,3,6,link,0.0,0,0.0,,0.0,,,0.0
304,4,6,node,,0,0.0,,0.0,,,0.0
305,5,6,entity_0,,0,0.0,,0.0,,,0.0
306,6,6,entity_0,,0,0.0,,0.0,,,0.0
307,7,6,link,0.0,0,0.0,,0.0,,,0.0
308,8,6,node,,0,0.0,,0.0,,,0.0
309,9,6,entity_1,,0,0.0,,0.0,,,0.0
310,10,6,entity_2,,0,0.0,,0.0,,,0.0
311,11,6,link,0.0,0,0.0,,0.0,,,0.0
312,12,6,node,,0,0.0,,0.0,,,0.0
313,13,6,link,0.0,0,0.0,,0.0,,,0.0
314,14,6,link,0.0,0,0.0,,0.0,,,0.0
315,15,6,entity_1,,0,0.0,,0.0,,,0.0
316,16,6,entity_0,,0,0.0,,0.0,,,0.0
317,17,6,node,,0,0.0,,0.0,,,0.0
318,18,6,link,0.0,0,0.0,,0.0,,,0.0
319,19,6,link,0.0,0,0.0,,0.0,,,0.0
320,20,6,link,0.0,0,0.0,,0.0,,,0.0
321,21,6,link,0.0,0,0.0,,0.0,,,0.0
322,22,6,entity_0,,0,0.0,,0.0,,,0.0
323,23,6,link,0.0,0,0.0,,0.0,,,0.0
324,24,6,link,0.0,0,0.0,,0.0,,,0.0
325,25,6,link,0.0,0,0.0,,0.0,,,0.0
326,26,6,link,1.0,0,0.0,,0.0,,,0.0
327,27,6,node,,0,0.0,,0.0,,,0.0
328,28,6,entity_1,,0,0.0,,0.0,,,0.0
329,29,6,link,0.0,0,0.0,,0.0,,,0.0
330,30,6,link,0.0,0,0.0,,0.0,,,0.0
331,31,6,link,1.0,1,2.0,,2.0,,,2.0
332,32,6,entity_1,,0,0.0,,0.0,,,0.0
333,33,6,entity_0,,0,0.0,,0.0,,,0.0
334,34,6,entity_1,,0,0.0,,0.0,,,0.0
335,35,6,entity_1,,0,0.0,,0.0,,,0.0
336,36,6,entity_1,,0,0.0,,0.0,,,0.0
337,37,6,entity_1,,0,0.0,,0.0,,,0.0
338,38,6,entity_2,,0,0.0,,0.0,,,0.0
339,39,6,link,0.0,0,0.0,,0.0,,,0.0
340,40,6,link,0.0,0,0.0,,0.0,,,0.0
341,41,6,entity_0,,0,0.0,,0.0,,,0.0
342,42,6,link,0.0,0,0.0,,0.0,,,0.0
343,43,6,entity_1,,0,0.0,,0.0,,,0.0
344,44,6,entity_1,,0,0.0,,0.0,,,0.0
345,45,6,node,,0,0.0,,0.0,,,0.0
346,46,6,link,0.0,0,0.0,,0.0,,,0.0
347,47,6,entity_1,,0,0.0,,0.0,,,0.0
348,48,6,link,0.0,0,0.0,,0.0,,,0.0
349,49,6,link,0.0,0,0.0,,0.0,,,0.0
350,50,6,entity_0,,0,0.0,,0.0,,,0.0
351,51,6,entity_0,,0,0.0,,0.0,,,0.0
352,52,6,node,,0,0.0,,0.0,,,0.0
353,53,6,link,0.0,0,0.0,,0.0,,,0.0
354,54,6,link,0.0,0,0.0,,0.0,,,0.0
355,55,6,link,0.0,0,0.0,,0.0,,,0.0
356,56,6,node,,0,0.0,,0.0,,,0.0
357,57,6,node,,0,0.0,,0.0,,,0.0
358,58,6,link,0.0,0,0.0,,0.0,,,0.0
359,59,6,link,0.0,0,0.0,,0.0,,,0.0
360,60,6,link,0.0,0,0.0,,0.0,,,0.0
361,61,6,link,0.0,0,0.0,,0.0,,,0.0
362,62,6,link,0.0,0,0.0,,0.0,,,0.0
363,0,7,link,0.0,0,2.0,,0.0,0.0,,0.6666666666666666
364,1,7,link,0.0,0,2.0,,0.0,0.0,,0.6666666666666666
365,2,7,link,0.0,0,2.0,,0.0,0.0,,0.6666666666666666
366,3,7,link,0.0,0,2.0,,0.0,0.0,,0.6666666666666666
367,4,7,entity_0,,0,0.0,,0.0,0.0,,0.0
368,5,7,entity_2,,0,2.0,,2.0,2.0,,2.0
369,6,7,link,1.0,0,0.0,,0.0,0.0,,0.0
370,7,7,entity_0,,0,2.0,,2.0,0.0,,1.3333333333333333
371,8,7,link,0.0,0,2.0,,0.0,0.0,,0.6666666666666666
372,9,7,entity_1,,0,0.0,,0.0,0.0,,0.0
373,10,7,link,0.0,0,2.0,,0.0,0.0,,0.6666666666666666
374,11,7,link,0.0,0,2.0,,0.0,0.0,,0.6666666666666666
375,12,7,link,0.0,0,2.0,,0.0,0.0,,0.6666666666666666
376,13,7,link,0.0,0,2.0,,2.0,0.0,,1.3333333333333333
377,14,7,link,0.0,0,2.0,,0.0,0.0,,0.6666666666666666
378,15,7,link,0.0,0,2.0,,0.0,0.0,,0.6666666666666666
379,16,7,link,0.0,0,2.0,,0.0,0.0,,0.6666666666666666
380,17,7,link,0.0,0,2.0,,0.0,0.0,,0.6666666666666666
381,18,7,link,0.0,0,2.0,,0.0,0.0,,0.6666666666666666
382,19,7,link,0.0,0,2.0,,0.0,0.0,,0.6666666666666666
383,20,7,link,0.0,0,2.0,,0.0,0.0,,0.6666666666666666
384,21,7,link,0.0,0,2.0,,0.0,0.0,,0.6666666666666666
385,22,7,link,0.0,0,2.0,,0.0,0.0,,0.6666666666666666
386,23,7,entity_1,,0,0.0,,0.0,0.0,,0.0
387,24,7,link,0.0,0,2.0,,0.0,0.0,,0.6666666666666666
388,25,7,link,0.0,0,2.0,,0.0,0.0,,0.6666666666666666
389,26,7,entity_0,,0,0.0,,0.0,0.0,,0.0
390,27,7,entity_1,,0,0.0,,0.0,0.0,,0.0
391,28,7,entity_1,,0,0.0,,0.0,0.0,,0.0
392,29,7,node,,0,0.0,,0.0,0.0,,0.0
393,30,7,link,0.0,0,2.0,,0.0,0.0,,0.6666666666666666
394,31,7,link,0.0,0,2.0,,0.0,0.0,,0.6666666666666666
395,32,7,link,0.0,0,2.0,,0.0,0.0,,0.6666666666666666
396,33,7,link,0.0,0,2.0,,2.0,0.0,,1.3333333333333333
397,34,7,link,0.0,0,2.0,,0.0,0.0,,0.6666666666666666
398,35,7,link,0.0,1,2.0,,2.0,2.0,,2.0
399,36,7,link,0.0,0,2.0,,2.0,0.0,,1.3333333333333333
400,37,7,node,,0,2.0,,2.0,0.0,,1.3333333333333333
401,38,7,entity_0,,0,0.0,,0.0,0.0,,0.0
402,39,7,link,0.0,0,2.0,,0.0,0.0,,0.6666666666666666
403,40,7,link,0.0,0,2.0,,0.0,0.0,,0.6666666666666666
404,41,7,link,0.0,0,2.0,,0.0,0.0,,0.6666666666666666
405,42,7,node,,0,0.0,,0.0,0.0,,0.0
406,43,7,link,0.0,0,2.0,,0.0,0.0,,0.6666666666666666
407,44,7,entity_0,,0,0.0,,0.0,0.0,,0.0
408,45,7,link,0.0,0,2.0,,1.0,0.0,,1.0
409,46,7,link,0.0,0,2.0,,0.0,0.0,,0.6666666666666666
410,47,7,link,0.0,0,2.0,,0.0,0.0,,0.6666666666666666
411,48,7,link,0.0,0,2.0,,0.0,0.0,,0.6666666666666666
412,49,7,link,0.0,0,2.0,,0.0,0.0,,0.6666666666666666
413,50,7,node,,0,0.0,,0.0,0.0,,0.0
414,51,7,link,0.0,0,2.0,,0.0,0.0,,0.6666666666666666
415,52,7,link,0.0,0,2.0,,0.0,0.0,,0.6666666666666666
416,53,7,link,0.0,0,2.0,,0.0,0.0,,0.6666666666666666
417,54,7,link,0.0,0,2.0,,0.0,0.0,,0.6666666666666666
418,55,7,link,0.0,0,2.0,,0.0,0.0,,0.6666666666666666
419,56,7,node,,0,0.0,,0.0,0.0,,0.0
420,57,7,entity_1,,0,2.0,,2.0,0.0,,1.3333333333333333
421,58,7,link,0.0,0,2.0,,0.0,0.0,,0.6666666666666666
422,59,7,link,0.0,0,2.0,,0.0,0.0,,0.6666666666666666
423,0,8,link,1.0,0,0.0,,0.0,,,0.0
424,1,8,link,1.0,0,0.0,,0.0,,,0.0
425,2,8,entity_1,,0,2.0,,2.0,,,2.0
426,3,8,link,1.0,0,0.0,,0.0,,,0.0
427,4,8,link,0.0,0,0.0,,0.0,,,0.0
428,5,8,entity_1,,0,0.0,,0.0,,,0.0
429,6,8,link,1.0,0,0.0,,0.0,,,0.0
430,7,8,link,0.0,0,0.0,,0.0,,,0.0
431,8,8,link,0.0,0,0.0,,0.0,,,0.0
432,9,8,link,0.0,0,0.0,,0.0,,,0.0
433,10,8,entity_2,,0,0.0,,0.0,,,0.0
434,11,8,link,0.0,0,0.0,,0.0,,,0.0
435,12,8,node,,0,0.0,,0.0,,,0.0
436,13,8,entity_2,,0,0.0,,0.0,,,0.0
437,14,8,link,0.0,0,0.0,,0.0,,,0.0
438,15,8,entity_2,,0,0.0,,0.0,,,0.0
439,16,8,link,0.0,0,0.0,,0.0,,,0.0
440,17,8,entity_0,,0,2.0,,2.0,,,2.0
441,18,8,link,0.0,0,0.0,,0.0,,,0.0
442,19,8,link,0.0,0,0.0,,0.0,,,0.0
443,20,8,link,0.0,0,0.0,,0.0,,,0.0
444,21,8,link,0.0,0,0.0,,0.0,,,0.0
445,22,8,link,1.0,0,0.0,,0.0,,,0.0
446,23,8,entity_2,,0,0.0,,0.0,,,0.0
447,24,8,link,1.0,0,0.0,,0.0,,,0.0
448,25,8,link,1.0,0,0.0,,0.0,,,0.0
449,26,8,link,1.0,0,0.0,,0.0,,,0.0
450,27,8,entity_2,,0,0.0,,0.0,,,0.0
451,28,8,link,0.0,0,0.0,,0.0,,,0.0
452,29,8,link,0.0,0,0.0,,0.0,,,0.0
453,30,8,entity_0,,0,0.0,,0.0,,,0.0
454,31,8,link,1.0,0,0.0,,0.0,,,0.0
455,32,8,link,0.0,0,0.0,,0.0,,,0.0
456,33,8,entity_2,,0,0.0,,0.0,,,0.0
457,34,8,link,1.0,0,0.0,,0.0,,,0.0
458,35,8,link,0.0,0,0.0,,0.0,,,0.0
459,36,8,link,1.0,0,0.0,,0.0,,,0.0
460,37,8,node,,0,0.0,,0.0,,,0.0
461,38,8,node,,0,0.0,,0.0,,,0.0
462,39,8,node,,0,0.0,,0.0,,,0.0
463,40,8,entity_2,,0,0.0,,0.0,,,0.0
464,41,8,link,0.0,0,0.0,,0.0,,,0.0
465,42,8,entity_0,,0,0.0,,0.0,,,0.0
466,43,8,link,0.0,1,2.0,,2.0,,,2.0
467,44,8,link,1.0,0,0.0,,0.0,,,0.0
468,45,8,link,1.0,0,0.0,,0.0,,,0.0
469,46,8,entity_0,,0,0.0,,0.0,,,0.0
470,47,8,link,0.0,0,2.0,,2.0,,,2.0
471,48,8,node,,0,0.0,,0.0,,,0.0
472,49,8,link,1.0,0,0.0,,0.0,,,0.0
473,50,8,link,1.0,0,0.0,,0.0,,,0.0
474,51,8,link,1.0,0,0.0,,0.0,,,0.0
475,52,8,entity_2,,0,0.0,,0.0,,,0.0
476,53,8,node,,0,0.0,,0.0,,,0.0
477,54,8,link,1.0,0,0.0,,0.0,,,0.0
478,55,8,node,,0,2.0,,2.0,,,2.0
479,56,8,entity_2,,0,0.0,,0.0,,,0.0
480,57,8,node,,0,0.0,,0.0,,,0.0
481,58,8,link,1.0,0,0.0,,0.0,,,0.0
482,59,8,link,1.0,0,0.0,,0.0,,,0.0
483,60,8,link,0.0,0,0.0,,0.0,,,0.0
484,61,8,entity_0,,0,0.0,,0.0,,,0.0
485,0,9,link,1.0,0,0.0,,0.0,0.0,,0.0
486,1,9,entity_0,,0,2.0,,0.0,2.0,,1.3333333333333333
487,2,9,link,0.0,0,2.0,,0.0,2.0,,1.3333333333333333
488,3,9,link,0.0,0,2.0,,0.0,2.0,,1.3333333333333333
489,4,9,link,1.0,0,0.0,,0.0,0.0,,0.0
490,5,9,link,1.0,0,0.0,,0.0,0.0,,0.0
491,6,9,entity_0,,0,0.0,,0.0,0.0,,0.0
492,7,9,link,1.0,0,0.0,,0.0,0.0,,0.0
493,8,9,link,0.0,0,2.0,,0.0,2.0,,1.3333333333333333
494,9,9,link,1.0,0,0.0,,0.0,0.0,,0.0
495,10,9,link,0.0,1,2.0,,2.0,0.0,,1.3333333333333333
496,11,9,link,1.0,0,0.0,,0.0,0.0,,0.0
497,12,9,entity_1,,0,2.0,,0.0,2.0,,1.3333333333333333
498,13,9,link,1.0,0,0.0,,0.0,0.0,,0.0
499,14,9,link,0.0,0,2.0,,0.0,2.0,,1.3333333333333333
500,15,9,link,1.0,0,0.0,,0.0,0.0,,0.0
501,16,9,link,0.0,0,2.0,,0.0,2.0,,1.3333333333333333
502,17,9,entity_2,,0,2.0,,0.0,2.0,,1.3333333333333333
503,18,9,link,1.0,0,0.0,,0.0,0.0,,0.0
504,19,9,link,1.0,0,0.0,,0.0,0.0,,0.0
505,20,9,link,0.0,0,2.0,,0.0,2.0,,1.3333333333333333
506,21,9,link,0.0,0,2.0,,0.0,2.0,,1.3333333333333333
507,22,9,node,,0,0.0,,0.0,0.0,,0.0
508,23,9,link,1.0,0,0.0,,0.0,0.0,,0.0
509,24,9,entity_2,,0,1.0,,0.0,2.0,,1.0
510,25,9,link,0.0,0,2.0,,0.0,2.0,,1.3333333333333333
511,26,9,entity_2,,0,0.0,,0.0,0.0,,0.0
512,27,9,link,0.0,0,2.0,,0.0,2.0,,1.3333333333333333
513,28,9,link,1.0,0,0.0,,0.0,0.0,,0.0
514,29,9,link,1.0,0,0.0,,0.0,0.0,,0.0
515,30,9,entity_2,,0,2.0,,0.0,2.0,,1.3333333333333333
516,31,9,entity_0,,0,0.0,,0.0,0.0,,0.0
517,32,9,link,1.0,0,0.0,,0.0,0.0,,0.0
518,33,9,link,0.0,0,2.0,,0.0,2.0,,1.3333333333333333
519,34,9,link,0.0,0,2.0,,0.0,2.0,,1.3333333333333333
520,35,9,node,,0,0.0,,0.0,0.0,,0.0
521,36,9,link,0.0,0,2.0,,0.0,2.0,,1.3333333333333333
522,37,9,node,,0,2.0,,0.0,2.0,,1.3333333333333333
523,38,9,entity_0,,0,1.0,,0.0,2.0,,1.0
524,39,9,node,,0,1.0,,0.0,2.0,,1.0
525,40,9,link,0.0,0,2.0,,0.0,2.0,,1.3333333333333333
526,41,9,entity_1,,0,2.0,,0.0,2.0,,1.3333333333333333
527,42,9,link,0.0,0,2.0,,0.0,2.0,,1.3333333333333333
528,43,9,link,0.0,0,2.0,,0.0,2.0,,1.3333333333333333
529,44,9,link,0.0,0,2.0,,0.0,2.0,,1.3333333333333333
530,0,10,link,1.0,0,0.0,0.0,0.0,0.0,,0.0
531,1,10,link,1.0,0,0.0,0.0,0.0,0.0,,0.0
532,2,10,link,1.0,0,0.0,0.0,0.0,0.0,,0.0
533,3,10,link,1.0,0,0.0,0.0,0.0,0.0,,0.0
534,4,10,link,1.0,0,0.0,0.0,0.0,0.0,,0.0
535,5,10,link,1.0,0,0.0,0.0,0.0,0.0,,0.0
536,6,10,link,1.0,0,0.0,0.0,0.0,0.0,,0.0
537,7,10,node,,0,0.0,1.0,1.0,1.0,,0.75
538,8,10,link,1.0,0,0.0,0.0,0.0,0.0,,0.0
539,9,10,link,1.0,0,0.0,0.0,0.0,0.0,,0.0
540,10,10,link,1.0,0,0.0,0.0,0.0,0.0,,0.0
541,11,10,link,1.0,0,0.0,0.0,0.0,0.0,,0.0
542,12,10,link,1.0,0,0.0,0.0,0.0,0.0,,0.0
543,13,10,link,1.0,0,0.0,0.0,0.0,0.0,,0.0
544,14,10,entity_1,,0,0.0,1.0,1.0,1.0,,0.75
545,15,10,link,1.0,0,0.0,0.0,0.0,0.0,,0.0
546,16,10,link,1.0,0,0.0,0.0,0.0,0.0,,0.0
547,17,10,link,1.0,0,0.0,0.0,0.0,0.0,,0.0
548,18,10,link,1.0,0,0.0,0.0,0.0,0.0,,0.0
549,19,10,link,1.0,0,0.0,0.0,0.0,0.0,,0.0
550,20,10,link,1.0,0,0.0,0.0,0.0,0.0,,0.0
551,21,10,link,1.0,0,0.0,0.0,0.0,0.0,,0.0
552,22,10,link,1.0,0,0.0,0.0,0.0,0.0,,0.0
553,23,10,link,1.0,0,0.0,0.0,0.0,0.0,,0.0
554,24,10,link,1.0,0,0.0,0.0,0.0,0.0,,0.0
555,25,10,entity_2,,0,0.0,1.0,1.0,1.0,,0.75
556,26,10,link,0.0,1,0.0,2.0,2.0,0.0,,1.0
557,27,10,entity_0,,0,0.0,0.0,0.0,0.0,,0.0
558,28,10,link,1.0,0,0.0,0.0,0.0,0.0,,0.0
559,29,10,link,1.0,0,0.0,0.0,0.0,0.0,,0.0
560,30,10,link,1.0,0,0.0,0.0,0.0,0.0,,0.0
561,0,11,node,,0,,1.0,,1.0,,1.0
562,1,11,entity_1,,0,,1.0,,2.0,,1.5
563,2,11,entity_0,,0,,2.0,,2.0,,2.0
564,3,11,node,,0,,1.0,,2.0,,1.5
565,4,11,link,0.0,0,,0.0,,0.0,,0.0
566,5,11,link,0.0,0,,0.0,,0.0,,0.0
567,6,11,link,1.0,0,,2.0,,1.0,,1.5
568,7,11,link,1.0,0,,2.0,,1.0,,1.5
569,8,11,link,1.0,0,,2.0,,1.0,,1.5
570,9,11,entity_1,,0,,1.0,,1.0,,1.0
571,10,11,link,0.0,0,,0.0,,0.0,,0.0
572,11,11,link,0.0,0,,0.0,,0.0,,0.0
573,12,11,link,1.0,0,,2.0,,1.0,,1.5
574,13,11,entity_0,,0,,1.0,,2.0,,1.5
575,14,11,entity_1,,0,,1.0,,1.0,,1.0
576,15,11,link,1.0,0,,2.0,,1.0,,1.5
577,16,11,link,0.0,0,,0.0,,0.0,,0.0
578,17,11,link,1.0,0,,2.0,,1.0,,1.5
579,18,11,entity_1,,0,,2.0,,2.0,,2.0
580,19,11,link,1.0,0,,2.0,,1.0,,1.5
581,20,11,link,0.0,0,,0.0,,0.0,,0.0
582,21,11,entity_0,,0,,1.0,,2.0,,1.5
583,22,11,link,1.0,1,,2.0,,0.0,,1.0
584,23,11,node,,0,,2.0,,2.0,,2.0
585,24,11,node,,0,,1.0,,2.0,,1.5
586,25,11,link,1.0,0,,2.0,,1.0,,1.5
587,26,11,link,1.0,0,,2.0,,1.0,,1.5
588,27,11,link,0.0,0,,0.0,,0.0,,0.0
589,28,11,link,1.0,0,,2.0,,2.0,,2.0
590,29,11,link,1.0,0,,2.0,,1.0,,1.5
591,30,11,node,,0,,1.0,,1.0,,1.0
592,31,11,link,0.0,0,,0.0,,0.0,,0.0
593,32,11,entity_2,,0,,2.0,,2.0,,2.0
594,33,11,entity_1,,0,,1.0,,2.0,,1.5
595,34,11,entity_1,,0,,1.0,,1.0,,1.0
596,35,11,node,,0,,1.0,,1.0,,1.0
597,36,11,link,1.0,0,,2.0,,1.0,,1.5
598,37,11,link,1.0,0,,2.0,,1.0,,1.5
599,38,11,node,,0,,1.0,,0.0,,0.5
600,39,11,link,1.0,0,,2.0,,1.0,,1.5
601,40,11,link,0.0,0,,0.0,,0.0,,0.0
602,41,11,entity_0,,0,,1.0,,1.0,,1.0
603,42,11,link,0.0,0,,0.0,,0.0,,0.0
604,43,11,link,0.0,0,,0.0,,0.0,,0.0
605,44,11,entity_1,,0,,1.0,,1.0,,1.0
606,45,11,entity_0,,0,,1.0,,2.0,,1.5
607,46,11,entity_0,,0,,1.0,,2.0,,1.5
608,47,11,entity_0,,0,,1.0,,2.0,,1.5
609,0,12,link,1.0,0,,2.0,,2.0,,2.0
610,1,12,link,1.0,0,,2.0,,2.0,,2.0
611,2,12,link,1.0,0,,2.0,,2.0,,2.0
612,3,12,link,1.0,0,,2.0,,2.0,,2.0
613,4,12,entity_0,,0,,2.0,,2.0,,2.0
614,5,12,link,1.0,0,,2.0,,2.0,,2.0
615,6,12,entity_2,,0,,2.0,,2.0,,2.0
616,7,12,link,1.0,0,,2.0,,2.0,,2.0
617,8,12,link,1.0,0,,2.0,,2.0,,2.0
618,9,12,link,1.0,0,,2.0,,2.0,,2.0
619,10,12,link,1.0,0,,2.0,,2.0,,2.0
620,11,12,link,1.0,0,,2.0,,2.0,,2.0
621,12,12,link,0.0,0,,0.0,,0.0,,0.0
622,13,12,link,1.0,0,,2.0,,2.0,,2.0
623,14,12,link,1.0,0,,2.0,,2.0,,2.0
624,15,12,link,1.0,0,,2.0,,2.0,,2.0
625,16,12,link,1.0,0,,2.0,,2.0,,2.0
626,17,12,link,1.0,0,,2.0,,2.0,,2.0
627,18,12,link,1.0,0,,2.0,,2.0,,2.0
628,19,12,link,1.0,0,,2.0,,2.0,,2.0
629,20,12,link,1.0,0,,2.0,,2.0,,2.0
630,21,12,link,1.0,0,,2.0,,2.0,,2.0
631,22,12,link,1.0,0,,2.0,,2.0,,2.0
632,23,12,link,1.0,0,,2.0,,2.0,,2.0
633,24,12,node,,0,,2.0,,2.0,,2.0
634,25,12,entity_1,,0,,2.0,,2.0,,2.0
635,26,12,link,1.0,0,,2.0,,2.0,,2.0
636,27,12,link,1.0,1,,2.0,,0.0,,1.0
637,28,12,link,1.0,0,,2.0,,2.0,,2.0
638,29,12,link,1.0,0,,2.0,,2.0,,2.0
639,30,12,link,1.0,0,,2.0,,2.0,,2.0
640,0,13,link,1.0,0,,0.0,,0.0,,0.0
641,1,13,link,1.0,0,,0.0,,0.0,,0.0
642,2,13,link,1.0,0,,0.0,,0.0,,0.0
643,3,13,link,1.0,0,,0.0,,0.0,,0.0
644,4,13,link,1.0,0,,0.0,,0.0,,0.0
645,5,13,link,1.0,0,,0.0,,0.0,,0.0
646,6,13,link,1.0,0,,0.0,,0.0,,0.0
647,7,13,link,1.0,0,,0.0,,0.0,,0.0
648,8,13,link,0.0,0,,2.0,,2.0,,2.0
649,9,13,link,1.0,0,,0.0,,0.0,,0.0
650,10,13,link,1.0,0,,0.0,,0.0,,0.0
651,11,13,entity_1,,0,,2.0,,1.0,,1.5
652,12,13,link,1.0,0,,0.0,,0.0,,0.0
653,13,13,link,1.0,0,,0.0,,0.0,,0.0
654,14,13,link,0.0,0,,2.0,,2.0,,2.0
655,15,13,link,1.0,0,,0.0,,0.0,,0.0
656,16,13,link,1.0,0,,0.0,,0.0,,0.0
657,17,13,link,1.0,0,,0.0,,0.0,,0.0
658,18,13,entity_0,,0,,1.0,,1.0,,1.0
659,19,13,entity_2,,0,,1.0,,1.0,,1.0
660,20,13,link,1.0,0,,0.0,,0.0,,0.0
661,21,13,link,1.0,0,,0.0,,0.0,,0.0
662,22,13,link,1.0,0,,0.0,,0.0,,0.0
663,23,13,link,0.0,1,,2.0,,0.0,,1.0
664,24,13,link,0.0,0,,2.0,,2.0,,2.0
665,25,13,link,1.0,0,,0.0,,0.0,,0.0
666,26,13,link,1.0,0,,0.0,,0.0,,0.0
667,27,13,link,1.0,0,,0.0,,0.0,,0.0
668,28,13,node,,0,,1.0,,1.0,,1.0
669,29,13,link,1.0,0,,0.0,,0.0,,0.0
670,0,14,entity_0,,0,,1.0,,0.0,,0.5
671,1,14,link,1.0,0,,0.0,,0.0,,0.0
672,2,14,link,1.0,0,,0.0,,0.0,,0.0
673,3,14,link,0.0,0,,2.0,,2.0,,2.0
674,4,14,link,0.0,0,,2.0,,2.0,,2.0
675,5,14,link,1.0,0,,0.0,,0.0,,0.0
676,6,14,link,1.0,0,,0.0,,0.0,,0.0
677,7,14,link,0.0,0,,2.0,,2.0,,2.0
678,8,14,node,,0,,1.0,,0.0,,0.5
679,9,14,link,0.0,0,,2.0,,2.0,,2.0
680,10,14,link,0.0,0,,2.0,,2.0,,2.0
681,11,14,link,1.0,0,,0.0,,0.0,,0.0
682,12,14,link,0.0,0,,0.0,,2.0,,1.0
683,13,14,link,1.0,0,,0.0,,0.0,,0.0
684,14,14,link,0.0,0,,2.0,,2.0,,2.0
685,15,14,node,,0,,2.0,,2.0,,2.0
686,16,14,link,0.0,0,,2.0,,2.0,,2.0
687,17,14,link,0.0,1,,2.0,,0.0,,1.0
688,18,14,entity_1,,0,,2.0,,2.0,,2.0
689,19,14,link,1.0,0,,0.0,,0.0,,0.0
690,20,14,entity_2,,0,,2.0,,2.0,,2.0
691,21,14,entity_0,,0,,1.0,,0.0,,0.5
692,22,14,link,1.0,0,,0.0,,0.0,,0.0
693,23,14,entity_1,,0,,1.0,,0.0,,0.5
694,24,14,link,1.0,0,,0.0,,0.0,,0.0
695,25,14,link,0.0,0,,2.0,,2.0,,2.0
696,26,14,link,0.0,0,,2.0,,2.0,,2.0
697,27,14,link,0.0,0,,2.0,,2.0,,2.0
698,28,14,entity_0,,0,,2.0,,2.0,,2.0
699,29,14,link,0.0,0,,2.0,,2.0,,2.0
700,30,14,entity_0,,0,,1.0,,0.0,,0.5
701,31,14,link,0.0,0,,0.0,,2.0,,1.0
702,32,14,link,1.0,0,,0.0,,0.0,,0.0
703,33,14,link,0.0,0,,2.0,,2.0,,2.0
704,34,14,entity_0,,0,,1.0,,0.0,,0.5
705,0,15,link,0.0,0,0.0,,0.0,,,0.0
706,1,15,node,,0,0.0,,0.0,,,0.0
707,2,15,node,,0,0.0,,0.0,,,0.0
708,3,15,link,0.0,0,0.0,,0.0,,,0.0
709,4,15,node,,0,0.0,,0.0,,,0.0
710,5,15,link,0.0,0,0.0,,0.0,,,0.0
711,6,15,entity_0,,0,0.0,,0.0,,,0.0
712,7,15,link,0.0,0,0.0,,0.0,,,0.0
713,8,15,entity_1,,0,0.0,,0.0,,,0.0
714,9,15,entity_1,,0,2.0,,2.0,,,2.0
715,10,15,link,0.0,0,0.0,,0.0,,,0.0
716,11,15,link,0.0,0,0.0,,0.0,,,0.0
717,12,15,link,0.0,0,0.0,,0.0,,,0.0
718,13,15,link,0.0,0,0.0,,0.0,,,0.0
719,14,15,link,0.0,1,2.0,,2.0,,,2.0
720,15,15,link,0.0,0,0.0,,0.0,,,0.0
721,16,15,link,0.0,0,0.0,,0.0,,,0.0
722,17,15,entity_1,,0,0.0,,0.0,,,0.0
723,18,15,link,0.0,0,0.0,,0.0,,,0.0
724,19,15,node,,0,2.0,,2.0,,,2.0
725,20,15,link,0.0,0,0.0,,0.0,,,0.0
726,21,15,node,,0,0.0,,0.0,,,0.0
727,22,15,link,0.0,0,0.0,,0.0,,,0.0
728,23,15,link,0.0,0,0.0,,0.0,,,0.0
729,24,15,entity_1,,0,0.0,,0.0,,,0.0
730,25,15,link,0.0,0,0.0,,0.0,,,0.0
731,26,15,link,0.0,0,2.0,,2.0,,,2.0
732,27,15,link,0.0,0,0.0,,0.0,,,0.0
733,28,15,link,0.0,0,2.0,,2.0,,,2.0
734,29,15,link,0.0,0,0.0,,0.0,,,0.0
735,30,15,entity_0,,0,0.0,,0.0,,,0.0
736,31,15,entity_0,,0,0.0,,0.0,,,0.0
737,32,15,node,,0,0.0,,0.0,,,0.0
738,33,15,link,0.0,0,0.0,,0.0,,,0.0
739,34,15,link,0.0,0,0.0,,0.0,,,0.0
740,35,15,link,0.0,0,0.0,,0.0,,,0.0
741,36,15,link,0.0,0,0.0,,0.0,,,0.0
742,37,15,link,0.0,0,0.0,,0.0,,,0.0
743,38,15,link,0.0,0,0.0,,0.0,,,0.0
744,39,15,node,,0,0.0,,0.0,,,0.0
745,40,15,link,0.0,0,0.0,,0.0,,,0.0
746,41,15,entity_1,,0,0.0,,0.0,,,0.0
747,42,15,link,0.0,0,0.0,,0.0,,,0.0
748,43,15,link,0.0,0,0.0,,0.0,,,0.0
749,44,15,link,0.0,0,0.0,,0.0,,,0.0
750,45,15,entity_0,,0,0.0,,0.0,,,0.0
751,46,15,entity_0,,0,0.0,,0.0,,,0.0
752,47,15,link,0.0,0,0.0,,0.0,,,0.0
753,48,15,entity_1,,0,0.0,,0.0,,,0.0
754,49,15,entity_0,,0,0.0,,0.0,,,0.0
755,50,15,entity_0,,0,2.0,,2.0,,,2.0
756,51,15,entity_1,,0,0.0,,0.0,,,0.0
757,0,16,link,1.0,0,0.0,0.0,0.0,,,0.0
758,1,16,link,1.0,0,0.0,0.0,0.0,,,0.0
759,2,16,link,1.0,0,0.0,0.0,0.0,,,0.0
760,3,16,link,1.0,0,0.0,0.0,0.0,,,0.0
761,4,16,entity_2,,0,2.0,1.0,2.0,,,1.6666666666666667
762,5,16,link,1.0,0,0.0,0.0,0.0,,,0.0
763,6,16,node,,0,2.0,1.0,2.0,,,1.6666666666666667
764,7,16,link,1.0,0,0.0,0.0,0.0,,,0.0
765,8,16,link,1.0,0,0.0,0.0,0.0,,,0.0
766,9,16,link,1.0,0,0.0,0.0,0.0,,,0.0
767,10,16,entity_0,,0,0.0,1.0,0.0,,,0.3333333333333333
768,11,16,link,1.0,0,0.0,0.0,0.0,,,0.0
769,12,16,link,1.0,0,0.0,0.0,0.0,,,0.0
770,13,16,link,1.0,0,0.0,0.0,0.0,,,0.0
771,14,16,link,1.0,0,0.0,0.0,0.0,,,0.0
772,15,16,entity_1,,0,2.0,1.0,2.0,,,1.6666666666666667
773,16,16,entity_0,,0,0.0,1.0,0.0,,,0.3333333333333333
774,17,16,link,1.0,0,0.0,0.0,0.0,,,0.0
775,18,16,link,1.0,0,0.0,0.0,0.0,,,0.0
776,19,16,link,0.0,0,2.0,2.0,2.0,,,2.0
777,20,16,link,1.0,0,0.0,0.0,0.0,,,0.0
778,21,16,link,1.0,0,0.0,0.0,0.0,,,0.0
779,22,16,entity_0,,0,2.0,1.0,2.0,,,1.6666666666666667
780,23,16,link,1.0,0,0.0,0.0,0.0,,,0.0
781,24,16,link,1.0,0,0.0,0.0,0.0,,,0.0
782,25,16,link,1.0,0,0.0,0.0,0.0,,,0.0
783,26,16,link,1.0,0,0.0,0.0,0.0,,,0.0
784,27,16,link,0.0,1,2.0,2.0,2.0,,,2.0
785,28,16,link,0.0,0,2.0,2.0,2.0,,,2.0
786,29,16,link,1.0,0,0.0,0.0,0.0,,,0.0
787,0,17,link,1.0,0,0.0,,0.0,,,0.0
788,1,17,entity_0,,0,0.0,,0.0,,,0.0
789,2,17,link,0.0,0,0.0,,0.0,,,0.0
790,3,17,link,0.0,0,0.0,,0.0,,,0.0
791,4,17,link,1.0,0,0.0,,0.0,,,0.0
792,5,17,link,1.0,0,0.0,,0.0,,,0.0
793,6,17,link,0.0,0,0.0,,0.0,,,0.0
794,7,17,link,1.0,0,0.0,,0.0,,,0.0
795,8,17,link,0.0,0,0.0,,0.0,,,0.0
796,9,17,link,1.0,0,0.0,,0.0,,,0.0
797,10,17,link,1.0,0,0.0,,0.0,,,0.0
798,11,17,link,1.0,0,0.0,,0.0,,,0.0
799,12,17,link,1.0,0,0.0,,0.0,,,0.0
800,13,17,link,0.0,0,2.0,,2.0,,,2.0
801,14,17,link,0.0,0,0.0,,0.0,,,0.0
802,15,17,link,0.0,0,0.0,,0.0,,,0.0
803,16,17,link,0.0,0,0.0,,0.0,,,0.0
804,17,17,node,,0,0.0,,0.0,,,0.0
805,18,17,link,0.0,0,0.0,,0.0,,,0.0
806,19,17,link,1.0,0,0.0,,0.0,,,0.0
807,20,17,link,1.0,0,0.0,,0.0,,,0.0
808,21,17,link,0.0,0,0.0,,0.0,,,0.0
809,22,17,node,,0,0.0,,0.0,,,0.0
810,23,17,link,0.0,0,0.0,,0.0,,,0.0
811,24,17,link,0.0,0,0.0,,0.0,,,0.0
812,25,17,link,1.0,0,0.0,,0.0,,,0.0
813,26,17,link,1.0,0,0.0,,0.0,,,0.0
814,27,17,link,1.0,0,0.0,,0.0,,,0.0
815,28,17,link,0.0,0,0.0,,0.0,,,0.0
816,29,17,link,0.0,0,0.0,,0.0,,,0.0
817,30,17,link,0.0,0,2.0,,2.0,,,2.0
818,31,17,node,,0,0.0,,0.0,,,0.0
819,32,17,link,1.0,0,0.0,,0.0,,,0.0
820,33,17,entity_2,,0,0.0,,0.0,,,0.0
821,34,17,node,,0,0.0,,0.0,,,0.0
822,35,17,entity_0,,0,0.0,,0.0,,,0.0
823,36,17,link,1.0,0,0.0,,0.0,,,0.0
824,37,17,link,0.0,0,2.0,,2.0,,,2.0
825,38,17,entity_0,,0,0.0,,0.0,,,0.0
826,39,17,node,,0,0.0,,0.0,,,0.0
827,40,17,entity_1,,0,2.0,,2.0,,,2.0
828,41,17,link,1.0,0,0.0,,0.0,,,0.0
829,42,17,link,0.0,0,0.0,,0.0,,,0.0
830,43,17,link,0.0,0,0.0,,0.0,,,0.0
831,44,17,entity_2,,0,1.0,,1.0,,,1.0
832,45,17,link,0.0,0,0.0,,0.0,,,0.0
833,46,17,link,0.0,0,0.0,,0.0,,,0.0
834,47,17,link,1.0,0,0.0,,0.0,,,0.0
835,48,17,entity_0,,0,0.0,,0.0,,,0.0
836,49,17,entity_0,,0,0.0,,0.0,,,0.0
837,50,17,link,0.0,0,0.0,,0.0,,,0.0
838,51,17,link,1.0,0,0.0,,0.0,,,0.0
839,52,17,link,0.0,0,0.0,,0.0,,,0.0
840,53,17,link,0.0,0,0.0,,0.0,,,0.0
841,54,17,link,0.0,1,2.0,,2.0,,,2.0
842,55,17,link,1.0,0,0.0,,0.0,,,0.0
843,56,17,link,0.0,0,2.0,,2.0,,,2.0
844,57,17,node,,0,0.0,,0.0,,,0.0
845,58,17,entity_0,,0,0.0,,0.0,,,0.0
846,59,17,link,0.0,0,0.0,,0.0,,,0.0
847,0,18,link,0.0,0,2.0,2.0,2.0,,,2.0
848,1,18,link,0.0,0,2.0,2.0,2.0,,,2.0
849,2,18,link,0.0,0,2.0,2.0,2.0,,,2.0
850,3,18,entity_1,,0,1.0,1.0,1.0,,,1.0
851,4,18,link,0.0,0,2.0,2.0,0.0,,,1.3333333333333333
852,5,18,link,0.0,0,2.0,2.0,2.0,,,2.0
853,6,18,link,0.0,0,2.0,2.0,0.0,,,1.3333333333333333
854,7,18,node,,0,2.0,2.0,2.0,,,2.0
855,8,18,link,0.0,0,2.0,2.0,0.0,,,1.3333333333333333
856,9,18,link,0.0,0,2.0,2.0,2.0,,,2.0
857,10,18,link,0.0,0,2.0,2.0,0.0,,,1.3333333333333333
858,11,18,entity_1,,0,1.0,1.0,0.0,,,0.6666666666666666
859,12,18,link,0.0,0,2.0,2.0,0.0,,,1.3333333333333333
860,13,18,entity_1,,0,1.0,1.0,0.0,,,0.6666666666666666
861,14,18,node,,0,1.0,1.0,0.0,,,0.6666666666666666
862,15,18,entity_2,,0,2.0,2.0,1.0,,,1.6666666666666667
863,16,18,link,0.0,0,2.0,2.0,2.0,,,2.0
864,17,18,link,1.0,0,0.0,0.0,0.0,,,0.0
865,18,18,link,0.0,0,2.0,2.0,2.0,,,2.0
866,19,18,link,0.0,0,2.0,2.0,0.0,,,1.3333333333333333
867,20,18,link,0.0,0,2.0,2.0,2.0,,,2.0
868,21,18,entity_1,,0,2.0,2.0,2.0,,,2.0
869,22,18,link,0.0,0,2.0,2.0,2.0,,,2.0
870,23,18,link,0.0,0,2.0,2.0,2.0,,,2.0
871,24,18,link,1.0,0,0.0,0.0,0.0,,,0.0
872,25,18,link,0.0,0,2.0,2.0,0.0,,,1.3333333333333333
873,26,18,link,0.0,0,2.0,2.0,0.0,,,1.3333333333333333
874,27,18,link,0.0,0,2.0,2.0,0.0,,,1.3333333333333333
875,28,18,link,0.0,0,2.0,2.0,0.0,,,1.3333333333333333
876,29,18,link,0.0,0,2.0,2.0,0.0,,,1.3333333333333333
877,30,18,link,0.0,0,2.0,2.0,2.0,,,2.0
878,31,18,link,0.0,0,2.0,2.0,0.0,,,1.3333333333333333
879,32,18,link,0.0,0,2.0,2.0,0.0,,,1.3333333333333333
880,33,18,link,0.0,0,2.0,2.0,0.0,,,1.3333333333333333
881,34,18,link,0.0,0,2.0,2.0,2.0,,,2.0
882,35,18,link,0.0,1,2.0,2.0,2.0,,,2.0
883,36,18,link,0.0,0,2.0,2.0,0.0,,,1.3333333333333333
884,37,18,node,,0,1.0,1.0,1.0,,,1.0
885,38,18,node,,0,1.0,1.0,0.0,,,0.6666666666666666
886,0,19,entity_2,,0,0.0,,0.0,,,0.0
887,1,19,node,,0,0.0,,0.0,,,0.0
888,2,19,link,1.0,0,0.0,,0.0,,,0.0
889,3,19,link,1.0,0,0.0,,0.0,,,0.0
890,4,19,link,0.0,0,2.0,,2.0,,,2.0
891,5,19,link,1.0,0,0.0,,0.0,,,0.0
892,6,19,entity_2,,0,0.0,,0.0,,,0.0
893,7,19,entity_2,,0,0.0,,0.0,,,0.0
894,8,19,link,1.0,0,0.0,,0.0,,,0.0
895,9,19,link,0.0,0,0.0,,0.0,,,0.0
896,10,19,entity_2,,0,1.0,,1.0,,,1.0
897,11,19,node,,0,0.0,,0.0,,,0.0
898,12,19,link,1.0,0,0.0,,0.0,,,0.0
899,13,19,entity_0,,0,0.0,,0.0,,,0.0
900,14,19,node,,0,0.0,,0.0,,,0.0
901,15,19,link,0.0,0,0.0,,0.0,,,0.0
902,16,19,link,0.0,0,0.0,,0.0,,,0.0
903,17,19,entity_0,,0,0.0,,0.0,,,0.0
904,18,19,link,1.0,0,0.0,,0.0,,,0.0
905,19,19,link,0.0,0,0.0,,0.0,,,0.0
906,20,19,entity_0,,0,0.0,,0.0,,,0.0
907,21,19,entity_2,,0,0.0,,0.0,,,0.0
908,22,19,link,0.0,0,0.0,,0.0,,,0.0
909,23,19,link,1.0,0,0.0,,0.0,,,0.0
910,24,19,entity_0,,0,0.0,,0.0,,,0.0
911,25,19,entity_2,,0,0.0,,0.0,,,0.0
912,26,19,node,,0,0.0,,0.0,,,0.0
913,27,19,node,,0,0.0,,0.0,,,0.0
914,28,19,node,,0,0.0,,0.0,,,0.0
915,29,19,link,1.0,0,0.0,,0.0,,,0.0
916,30,19,link,1.0,0,0.0,,0.0,,,0.0
917,31,19,node,,0,0.0,,0.0,,,0.0
918,32,19,entity_0,,0,0.0,,0.0,,,0.0
919,33,19,link,1.0,0,0.0,,0.0,,,0.0
920,34,19,link,1.0,0,0.0,,0.0,,,0.0
921,35,19,link,1.0,0,0.0,,0.0,,,0.0
922,36,19,link,1.0,0,0.0,,0.0,,,0.0
923,37,19,node,,0,2.0,,2.0,,,2.0
924,38,19,link,1.0,0,0.0,,0.0,,,0.0
925,39,19,entity_2,,0,0.0,,0.0,,,0.0
926,40,19,link,1.0,0,0.0,,0.0,,,0.0
927,41,19,entity_2,,0,0.0,,0.0,,,0.0
928,42,19,entity_0,,0,0.0,,0.0,,,0.0
929,43,19,link,0.0,0,0.0,,0.0,,,0.0
930,44,19,entity_2,,0,0.0,,0.0,,,0.0
931,45,19,link,0.0,0,2.0,,2.0,,,2.0
932,46,19,link,0.0,0,0.0,,0.0,,,0.0
933,47,19,link,1.0,0,0.0,,0.0,,,0.0
934,48,19,link,1.0,0,0.0,,0.0,,,0.0
935,49,19,entity_0,,0,0.0,,0.0,,,0.0
936,50,19,node,,0,0.0,,0.0,,,0.0
937,51,19,link,1.0,0,0.0,,0.0,,,0.0
938,52,19,link,0.0,0,0.0,,0.0,,,0.0
939,53,19,link,0.0,1,2.0,,2.0,,,2.0
940,0,20,link,1.0,0,0.0,,0.0,,,0.0
941,1,20,link,1.0,0,0.0,,0.0,,,0.0
942,2,20,link,1.0,0,0.0,,0.0,,,0.0
943,3,20,link,1.0,0,0.0,,0.0,,,0.0
944,4,20,link,1.0,0,0.0,,0.0,,,0.0
945,5,20,entity_1,,0,1.0,,1.0,,,1.0
946,6,20,link,1.0,0,0.0,,0.0,,,0.0
947,7,20,link,1.0,0,0.0,,0.0,,,0.0
948,8,20,link,1.0,0,0.0,,0.0,,,0.0
949,9,20,link,0.0,1,2.0,,2.0,,,2.0
950,10,20,link,1.0,0,0.0,,0.0,,,0.0
951,11,20,link,1.0,0,0.0,,0.0,,,0.0
952,12,20,link,1.0,0,0.0,,0.0,,,0.0
953,13,20,link,1.0,0,0.0,,0.0,,,0.0
954,14,20,link,1.0,0,0.0,,0.0,,,0.0
955,15,20,link,1.0,0,0.0,,0.0,,,0.0
956,16,20,entity_0,,0,0.0,,0.0,,,0.0
957,17,20,entity_2,,0,1.0,,1.0,,,1.0
958,18,20,link,1.0,0,0.0,,0.0,,,0.0
959,19,20,link,1.0,0,0.0,,0.0,,,0.0
960,20,20,link,1.0,0,0.0,,0.0,,,0.0
961,21,20,link,1.0,0,0.0,,0.0,,,0.0
962,22,20,link,1.0,0,0.0,,0.0,,,0.0
963,23,20,node,,0,1.0,,1.0,,,1.0
964,24,20,link,1.0,0,0.0,,0.0,,,0.0
965,25,20,link,1.0,0,0.0,,0.0,,,0.0
966,26,20,link,1.0,0,0.0,,0.0,,,0.0
967,27,20,link,1.0,0,0.0,,0.0,,,0.0
968,0,21,link,1.0,0,0.0,,0.0,,0.0,0.0
969,1,21,link,1.0,0,0.0,,0.0,,0.0,0.0
970,2,21,link,0.0,0,2.0,,0.0,,0.0,0.6666666666666666
971,3,21,entity_0,,0,0.0,,0.0,,0.0,0.0
972,4,21,link,1.0,0,0.0,,0.0,,0.0,0.0
973,5,21,link,0.0,0,2.0,,0.0,,0.0,0.6666666666666666
974,6,21,link,0.0,0,2.0,,0.0,,0.0,0.6666666666666666
975,7,21,link,1.0,0,0.0,,0.0,,0.0,0.0
976,8,21,link,0.0,0,0.0,,0.0,,0.0,0.0
977,9,21,link,0.0,0,2.0,,0.0,,0.0,0.6666666666666666
978,10,21,link,0.0,0,2.0,,0.0,,1.0,1.0
979,11,21,link,0.0,0,2.0,,0.0,,0.0,0.6666666666666666
980,12,21,link,1.0,0,0.0,,0.0,,0.0,0.0
981,13,21,link,0.0,0,2.0,,0.0,,0.0,0.6666666666666666
982,14,21,link,0.0,0,2.0,,0.0,,0.0,0.6666666666666666
983,15,21,entity_2,,0,2.0,,2.0,,2.0,2.0
984,16,21,node,,0,2.0,,2.0,,2.0,2.0
985,17,21,entity_0,,0,2.0,,2.0,,2.0,2.0
986,18,21,link,1.0,0,0.0,,0.0,,0.0,0.0
987,19,21,link,0.0,0,2.0,,2.0,,2.0,2.0
988,20,21,link,0.0,0,2.0,,0.0,,0.0,0.6666666666666666
989,21,21,link,0.0,0,2.0,,0.0,,1.0,1.0
990,22,21,link,0.0,0,2.0,,0.0,,0.0,0.6666666666666666
991,23,21,link,0.0,0,2.0,,0.0,,0.0,0.6666666666666666
992,24,21,link,1.0,0,0.0,,0.0,,0.0,0.0
993,25,21,link,1.0,0,0.0,,0.0,,0.0,0.0
994,26,21,link,0.0,0,2.0,,2.0,,2.0,2.0
995,27,21,link,1.0,0,0.0,,0.0,,0.0,0.0
996,28,21,link,1.0,0,0.0,,0.0,,0.0,0.0
997,29,21,link,0.0,0,2.0,,0.0,,0.0,0.6666666666666666
998,30,21,link,1.0,0,0.0,,0.0,,0.0,0.0
999,31,21,link,1.0,0,0.0,,0.0,,0.0,0.0
1000,32,21,link,1.0,0,0.0,,0.0,,0.0,0.0
1001,33,21,entity_1,,0,2.0,,2.0,,2.0,2.0
1002,34,21,link,0.0,0,2.0,,0.0,,0.0,0.6666666666666666
1003,35,21,link,0.0,1,2.0,,2.0,,0.0,1.3333333333333333
1004,36,21,entity_0,,0,2.0,,0.0,,0.0,0.6666666666666666
1005,37,21,link,1.0,0,0.0,,0.0,,0.0,0.0
1006,38,21,link,1.0,0,0.0,,0.0,,0.0,0.0
1007,39,21,entity_1,,0,2.0,,0.0,,0.0,0.6666666666666666
1008,40,21,link,1.0,0,0.0,,0.0,,0.0,0.0
1009,41,21,link,0.0,0,2.0,,0.0,,0.0,0.6666666666666666
1010,42,21,link,0.0,0,2.0,,0.0,,1.0,1.0
1011,43,21,link,0.0,0,2.0,,0.0,,0.0,0.6666666666666666
1012,44,21,link,0.0,0,2.0,,0.0,,0.0,0.6666666666666666
1013,45,21,link,1.0,0,0.0,,0.0,,0.0,0.0
1014,46,21,link,1.0,0,0.0,,0.0,,0.0,0.0
1015,47,21,link,0.0,0,2.0,,0.0,,0.0,0.6666666666666666
1016,48,21,link,0.0,0,2.0,,0.0,,0.0,0.6666666666666666
1017,49,21,link,0.0,0,2.0,,2.0,,2.0,2.0
1018,50,21,link,0.0,0,2.0,,0.0,,0.0,0.6666666666666666
1019,51,21,entity_0,,0,0.0,,0.0,,0.0,0.0
1020,52,21,entity_0,,0,0.0,,0.0,,0.0,0.0
1021,53,21,link,0.0,0,2.0,,0.0,,0.0,0.6666666666666666
1022,54,21,link,1.0,0,0.0,,0.0,,0.0,0.0
1023,55,21,link,1.0,0,0.0,,0.0,,0.0,0.0
1024,56,21,link,0.0,0,2.0,,0.0,,0.0,0.6666666666666666
1025,57,21,link,0.0,0,2.0,,0.0,,0.0,0.6666666666666666
1026,58,21,entity_2,,0,2.0,,0.0,,1.0,1.0
1027,0,22,entity_2,,0,,,1.0,,1.0,1.0
1028,1,22,link,0.0,0,,,0.0,,1.0,0.5
1029,2,22,link,0.0,0,,,0.0,,0.0,0.0
1030,3,22,entity_1,,0,,,1.0,,2.0,1.5
1031,4,22,link,0.0,0,,,0.0,,0.0,0.0
1032,5,22,link,0.0,0,,,0.0,,0.0,0.0
1033,6,22,link,0.0,0,,,0.0,,0.0,0.0
1034,7,22,link,0.0,0,,,0.0,,0.0,0.0
1035,8,22,link,0.0,0,,,0.0,,0.0,0.0
1036,9,22,link,0.0,0,,,0.0,,0.0,0.0
1037,10,22,link,0.0,0,,,0.0,,0.0,0.0
1038,11,22,node,,0,,,1.0,,2.0,1.5
1039,12,22,entity_0,,0,,,0.0,,0.0,0.0
1040,13,22,entity_1,,0,,,0.0,,0.0,0.0
1041,14,22,node,,0,,,0.0,,0.0,0.0
1042,15,22,entity_0,,0,,,1.0,,2.0,1.5
1043,16,22,entity_1,,0,,,0.0,,0.0,0.0
1044,17,22,link,0.0,0,,,0.0,,0.0,0.0
1045,18,22,node,,0,,,0.0,,0.0,0.0
1046,19,22,link,0.0,0,,,0.0,,0.0,0.0
1047,20,22,entity_1,,0,,,0.0,,0.0,0.0
1048,21,22,entity_0,,0,,,0.0,,0.0,0.0
1049,22,22,link,0.0,0,,,0.0,,0.0,0.0
1050,23,22,link,0.0,0,,,0.0,,0.0,0.0
1051,24,22,link,0.0,0,,,0.0,,0.0,0.0
1052,25,22,entity_0,,0,,,0.0,,0.0,0.0
1053,26,22,link,0.0,0,,,0.0,,1.0,0.5
1054,27,22,entity_1,,0,,,0.0,,0.0,0.0
1055,28,22,entity_0,,0,,,0.0,,0.0,0.0
1056,29,22,link,0.0,0,,,0.0,,0.0,0.0
1057,30,22,link,0.0,0,,,0.0,,0.0,0.0
1058,31,22,link,0.0,0,,,0.0,,0.0,0.0
1059,32,22,link,0.0,0,,,0.0,,0.0,0.0
1060,33,22,link,0.0,0,,,0.0,,0.0,0.0
1061,34,22,node,,0,,,0.0,,0.0,0.0
1062,35,22,link,0.0,0,,,0.0,,1.0,0.5
1063,36,22,link,0.0,0,,,0.0,,0.0,0.0
1064,37,22,link,0.0,0,,,0.0,,2.0,1.0
1065,38,22,link,0.0,0,,,0.0,,0.0,0.0
1066,39,22,node,,0,,,0.0,,0.0,0.0
1067,40,22,link,0.0,0,,,0.0,,0.0,0.0
1068,41,22,link,0.0,0,,,0.0,,0.0,0.0
1069,42,22,link,1.0,1,,,2.0,,2.0,2.0
1070,43,22,link,0.0,0,,,0.0,,0.0,0.0
1071,44,22,link,0.0,0,,,0.0,,0.0,0.0
1072,0,23,link,1.0,0,2.0,,2.0,,,2.0
1073,1,23,link,1.0,0,2.0,,2.0,,,2.0
1074,2,23,entity_2,,0,2.0,,1.0,,,1.5
1075,3,23,link,1.0,0,2.0,,2.0,,,2.0
1076,4,23,link,1.0,0,2.0,,2.0,,,2.0
1077,5,23,link,1.0,0,2.0,,2.0,,,2.0
1078,6,23,link,0.0,0,0.0,,0.0,,,0.0
1079,7,23,link,1.0,1,2.0,,2.0,,,2.0
1080,8,23,link,0.0,0,0.0,,0.0,,,0.0
1081,9,23,link,1.0,0,2.0,,2.0,,,2.0
1082,10,23,entity_0,,0,2.0,,2.0,,,2.0
1083,11,23,link,0.0,0,0.0,,0.0,,,0.0
1084,12,23,link,1.0,0,2.0,,2.0,,,2.0
1085,13,23,link,0.0,0,0.0,,0.0,,,0.0
1086,14,23,link,0.0,0,0.0,,0.0,,,0.0
1087,15,23,link,0.0,0,0.0,,0.0,,,0.0
1088,16,23,link,0.0,0,0.0,,0.0,,,0.0
1089,17,23,link,0.0,0,0.0,,0.0,,,0.0
1090,18,23,link,0.0,0,0.0,,0.0,,,0.0
1091,19,23,link,0.0,0,0.0,,0.0,,,0.0
1092,20,23,link,1.0,0,2.0,,2.0,,,2.0
1093,21,23,entity_1,,0,2.0,,1.0,,,1.5
1094,22,23,link,1.0,0,2.0,,2.0,,,2.0
1095,23,23,entity_0,,0,0.0,,0.0,,,0.0
1096,24,23,link,0.0,0,0.0,,0.0,,,0.0
1097,25,23,link,0.0,0,0.0,,0.0,,,0.0
1098,26,23,node,,0,2.0,,1.0,,,1.5
1099,0,24,link,0.0,0,0.0,,0.0,0.0,,0.0
1100,1,24,link,1.0,0,2.0,,2.0,0.0,,1.3333333333333333
1101,2,24,node,,0,2.0,,2.0,0.0,,1.3333333333333333
1102,3,24,link,0.0,0,0.0,,0.0,0.0,,0.0
1103,4,24,entity_0,,0,0.0,,0.0,0.0,,0.0
1104,5,24,node,,0,0.0,,0.0,0.0,,0.0
1105,6,24,entity_1,,0,0.0,,0.0,0.0,,0.0
1106,7,24,node,,0,0.0,,0.0,0.0,,0.0
1107,8,24,link,0.0,0,0.0,,0.0,0.0,,0.0
1108,9,24,link,0.0,0,0.0,,0.0,0.0,,0.0
1109,10,24,link,0.0,0,0.0,,0.0,0.0,,0.0
1110,11,24,node,,0,0.0,,0.0,0.0,,0.0
1111,12,24,link,0.0,0,0.0,,0.0,0.0,,0.0
1112,13,24,entity_0,,0,0.0,,0.0,0.0,,0.0
1113,14,24,link,0.0,0,0.0,,0.0,0.0,,0.0
1114,15,24,node,,0,0.0,,0.0,0.0,,0.0
1115,16,24,entity_0,,0,0.0,,0.0,0.0,,0.0
1116,17,24,link,0.0,0,0.0,,0.0,0.0,,0.0
1117,18,24,node,,0,0.0,,0.0,0.0,,0.0
1118,19,24,link,1.0,0,2.0,,2.0,0.0,,1.3333333333333333
1119,20,24,entity_1,,0,0.0,,0.0,0.0,,0.0
1120,21,24,entity_1,,0,0.0,,0.0,0.0,,0.0
1121,22,24,entity_1,,0,0.0,,0.0,0.0,,0.0
1122,23,24,link,0.0,0,0.0,,0.0,0.0,,0.0
1123,24,24,link,0.0,0,0.0,,0.0,0.0,,0.0
1124,25,24,node,,0,0.0,,0.0,0.0,,0.0
1125,26,24,link,1.0,0,2.0,,2.0,0.0,,1.3333333333333333
1126,27,24,link,0.0,0,0.0,,0.0,0.0,,0.0
1127,28,24,entity_1,,0,0.0,,0.0,0.0,,0.0
1128,29,24,link,0.0,0,0.0,,0.0,0.0,,0.0
1129,30,24,link,0.0,0,0.0,,0.0,0.0,,0.0
1130,31,24,link,0.0,0,0.0,,0.0,0.0,,0.0
1131,32,24,entity_1,,0,0.0,,0.0,0.0,,0.0
1132,33,24,link,0.0,0,0.0,,0.0,0.0,,0.0
1133,34,24,entity_0,,0,2.0,,2.0,0.0,,1.3333333333333333
1134,35,24,entity_0,,0,0.0,,0.0,0.0,,0.0
1135,36,24,link,1.0,1,2.0,,2.0,0.0,,1.3333333333333333
1136,37,24,entity_1,,0,0.0,,0.0,0.0,,0.0
1137,38,24,link,0.0,0,0.0,,0.0,0.0,,0.0
1138,39,24,node,,0,0.0,,0.0,0.0,,0.0
1139,40,24,link,0.0,0,0.0,,0.0,0.0,,0.0
1140,41,24,link,0.0,0,0.0,,0.0,0.0,,0.0
1141,42,24,link,0.0,0,0.0,,0.0,0.0,,0.0
1142,43,24,entity_1,,0,2.0,,2.0,0.0,,1.3333333333333333
1143,44,24,entity_0,,0,0.0,,0.0,0.0,,0.0
1144,45,24,entity_0,,0,0.0,,0.0,0.0,,0.0
1145,46,24,link,0.0,0,0.0,,0.0,0.0,,0.0
1146,47,24,entity_0,,0,0.0,,0.0,0.0,,0.0
1147,0,25,link,1.0,0,2.0,,2.0,2.0,,2.0
1148,1,25,link,1.0,1,2.0,,2.0,2.0,,2.0
1149,2,25,link,0.0,0,0.0,,0.0,0.0,,0.0
1150,3,25,link,0.0,0,0.0,,0.0,0.0,,0.0
1151,4,25,link,1.0,0,2.0,,2.0,2.0,,2.0
1152,5,25,link,1.0,0,2.0,,2.0,2.0,,2.0
1153,6,25,link,1.0,0,2.0,,2.0,2.0,,2.0
1154,7,25,link,1.0,0,2.0,,2.0,2.0,,2.0
1155,8,25,link,0.0,0,0.0,,0.0,0.0,,0.0
1156,9,25,link,0.0,0,0.0,,0.0,0.0,,0.0
1157,10,25,node,,0,2.0,,2.0,2.0,,2.0
1158,11,25,link,0.0,0,0.0,,0.0,0.0,,0.0
1159,12,25,link,1.0,0,2.0,,2.0,2.0,,2.0
1160,13,25,link,0.0,0,0.0,,0.0,0.0,,0.0
1161,14,25,link,0.0,0,0.0,,0.0,0.0,,0.0
1162,15,25,entity_0,,0,2.0,,2.0,2.0,,2.0
1163,16,25,link,1.0,0,2.0,,2.0,2.0,,2.0
1164,17,25,link,1.0,0,2.0,,2.0,2.0,,2.0
1165,18,25,link,0.0,0,0.0,,0.0,0.0,,0.0
1166,19,25,entity_2,,0,2.0,,2.0,2.0,,2.0
1167,20,25,link,1.0,0,2.0,,2.0,2.0,,2.0
1168,21,25,link,1.0,0,2.0,,2.0,2.0,,2.0
1169,22,25,link,0.0,0,0.0,,0.0,0.0,,0.0
1170,23,25,entity_1,,0,2.0,,2.0,2.0,,2.0
1171,24,25,link,1.0,0,2.0,,2.0,2.0,,2.0
1172,0,26,link,0.0,0,,,0.0,0.0,,0.0
1173,1,26,entity_1,,0,,,0.0,0.0,,0.0
1174,2,26,link,0.0,0,,,0.0,0.0,,0.0
1175,3,26,node,,0,,,0.0,0.0,,0.0
1176,4,26,entity_1,,0,,,0.0,1.0,,0.5
1177,5,26,link,0.0,0,,,0.0,0.0,,0.0
1178,6,26,entity_0,,0,,,0.0,0.0,,0.0
1179,7,26,entity_0,,0,,,0.0,0.0,,0.0
1180,8,26,link,0.0,0,,,0.0,0.0,,0.0
1181,9,26,node,,0,,,0.0,0.0,,0.0
1182,10,26,entity_1,,0,,,0.0,0.0,,0.0
1183,11,26,link,0.0,0,,,0.0,0.0,,0.0
1184,12,26,node,,0,,,0.0,0.0,,0.0
1185,13,26,link,0.0,0,,,0.0,0.0,,0.0
1186,14,26,entity_1,,0,,,0.0,0.0,,0.0
1187,15,26,entity_0,,0,,,0.0,0.0,,0.0
1188,16,26,entity_0,,0,,,0.0,0.0,,0.0
1189,17,26,link,0.0,0,,,0.0,0.0,,0.0
1190,18,26,entity_1,,0,,,0.0,0.0,,0.0
1191,19,26,entity_1,,0,,,0.0,0.0,,0.0
1192,20,26,link,0.0,0,,,0.0,0.0,,0.0
1193,21,26,entity_1,,0,,,0.0,0.0,,0.0
1194,22,26,entity_0,,0,,,0.0,0.0,,0.0
1195,23,26,node,,0,,,0.0,1.0,,0.5
1196,24,26,entity_1,,0,,,0.0,0.0,,0.0
1197,25,26,link,0.0,0,,,0.0,0.0,,0.0
1198,26,26,link,0.0,0,,,0.0,0.0,,0.0
1199,27,26,link,0.0,0,,,0.0,0.0,,0.0
1200,28,26,entity_0,,0,,,0.0,0.0,,0.0
1201,29,26,link,1.0,1,,,2.0,2.0,,2.0
1202,30,26,node,,0,,,0.0,0.0,,0.0
1203,31,26,entity_0,,0,,,0.0,1.0,,0.5
1204,32,26,link,0.0,0,,,0.0,0.0,,0.0
1205,33,26,link,0.0,0,,,0.0,0.0,,0.0
1206,34,26,link,0.0,0,,,0.0,0.0,,0.0
1207,35,26,link,0.0,0,,,0.0,0.0,,0.0
1208,36,26,link,0.0,0,,,0.0,0.0,,0.0
1209,37,26,link,0.0,0,,,0.0,0.0,,0.0
1210,38,26,link,0.0,0,,,0.0,0.0,,0.0
1211,39,26,link,0.0,0,,,0.0,0.0,,0.0
1212,40,26,node,,0,,,0.0,0.0,,0.0
1213,41,26,entity_0,,0,,,0.0,0.0,,0.0
1214,42,26,node,,0,,,0.0,0.0,,0.0
1215,43,26,node,,0,,,0.0,0.0,,0.0
1216,44,26,link,0.0,0,,,0.0,0.0,,0.0
1217,0,27,entity_2,,0,1.0,,0.0,0.0,,0.3333333333333333
1218,1,27,entity_0,,0,2.0,,2.0,0.0,,1.3333333333333333
1219,2,27,link,0.0,1,2.0,,2.0,0.0,,1.3333333333333333
1220,3,27,link,0.0,0,2.0,,1.0,0.0,,1.0
1221,4,27,link,0.0,0,0.0,,0.0,0.0,,0.0
1222,5,27,link,0.0,0,0.0,,0.0,0.0,,0.0
1223,6,27,link,0.0,0,0.0,,0.0,0.0,,0.0
1224,7,27,link,0.0,0,0.0,,0.0,0.0,,0.0
1225,8,27,entity_1,,0,0.0,,0.0,0.0,,0.0
1226,9,27,node,,0,0.0,,0.0,0.0,,0.0
1227,10,27,link,0.0,0,0.0,,0.0,0.0,,0.0
1228,11,27,entity_0,,0,0.0,,0.0,0.0,,0.0
1229,12,27,entity_0,,0,0.0,,0.0,0.0,,0.0
1230,13,27,link,0.0,0,0.0,,0.0,0.0,,0.0
1231,14,27,link,0.0,0,0.0,,0.0,0.0,,0.0
1232,15,27,link,0.0,0,2.0,,1.0,0.0,,1.0
1233,16,27,link,0.0,0,0.0,,0.0,0.0,,0.0
1234,17,27,link,0.0,0,2.0,,2.0,0.0,,1.3333333333333333
1235,18,27,link,0.0,0,0.0,,0.0,0.0,,0.0
1236,19,27,link,0.0,0,0.0,,0.0,0.0,,0.0
1237,20,27,node,,0,2.0,,2.0,0.0,,1.3333333333333333
1238,21,27,link,0.0,0,0.0,,0.0,0.0,,0.0
1239,22,27,entity_0,,0,0.0,,0.0,0.0,,0.0
1240,23,27,link,0.0,0,0.0,,0.0,0.0,,0.0
1241,24,27,entity_0,,0,0.0,,0.0,0.0,,0.0
1242,25,27,node,,0,0.0,,0.0,0.0,,0.0
1243,26,27,node,,0,0.0,,0.0,0.0,,0.0
1244,27,27,entity_1,,0,0.0,,0.0,0.0,,0.0
1245,28,27,entity_1,,0,0.0,,0.0,0.0,,0.0
1246,29,27,node,,0,0.0,,0.0,0.0,,0.0
1247,30,27,node,,0,0.0,,0.0,0.0,,0.0
1248,31,27,node,,0,0.0,,0.0,0.0,,0.0
1249,32,27,entity_0,,0,1.0,,0.0,0.0,,0.3333333333333333
1250,33,27,link,0.0,0,0.0,,0.0,0.0,,0.0
1251,34,27,entity_1,,0,0.0,,0.0,0.0,,0.0
1252,35,27,entity_1,,0,0.0,,0.0,0.0,,0.0
1253,36,27,link,0.0,0,0.0,,0.0,0.0,,0.0
1254,37,27,entity_0,,0,0.0,,0.0,0.0,,0.0
1255,38,27,link,0.0,0,0.0,,0.0,0.0,,0.0
1256,39,27,entity_1,,0,0.0,,0.0,0.0,,0.0
1257,40,27,entity_0,,0,0.0,,0.0,0.0,,0.0
1258,41,27,link,0.0,0,0.0,,0.0,0.0,,0.0
1259,42,27,entity_1,,0,2.0,,2.0,0.0,,1.3333333333333333
1260,43,27,entity_0,,0,0.0,,0.0,0.0,,0.0
1261,0,28,link,1.0,0,0.0,0.0,0.0,0.0,,0.0
1262,1,28,link,1.0,0,0.0,0.0,0.0,0.0,,0.0
1263,2,28,link,1.0,0,0.0,0.0,0.0,0.0,,0.0
1264,3,28,entity_0,,0,0.0,0.0,0.0,0.0,,0.0
1265,4,28,link,1.0,0,0.0,0.0,0.0,0.0,,0.0
1266,5,28,link,1.0,0,0.0,0.0,0.0,0.0,,0.0
1267,6,28,link,1.0,0,0.0,0.0,0.0,0.0,,0.0
1268,7,28,link,1.0,0,0.0,0.0,0.0,0.0,,0.0
1269,8,28,link,1.0,0,0.0,0.0,0.0,0.0,,0.0
1270,9,28,node,,0,1.0,1.0,0.0,2.0,,1.0
1271,10,28,entity_2,,0,1.0,1.0,0.0,2.0,,1.0
1272,11,28,link,1.0,0,0.0,0.0,0.0,0.0,,0.0
1273,12,28,link,1.0,0,0.0,0.0,0.0,0.0,,0.0
1274,13,28,entity_1,,0,1.0,1.0,1.0,2.0,,1.25
1275,14,28,link,1.0,0,0.0,0.0,0.0,0.0,,0.0
1276,15,28,link,0.0,1,2.0,2.0,2.0,2.0,,2.0
1277,16,28,link,0.0,0,2.0,2.0,2.0,2.0,,2.0
1278,17,28,link,1.0,0,0.0,0.0,0.0,0.0,,0.0
1279,18,28,link,0.0,0,2.0,2.0,0.0,2.0,,1.5
1280,19,28,link,1.0,0,0.0,0.0,0.0,0.0,,0.0
1281,20,28,entity_0,,0,2.0,2.0,2.0,2.0,,2.0
1282,21,28,link,1.0,0,0.0,0.0,0.0,0.0,,0.0
1283,22,28,link,1.0,0,0.0,0.0,0.0,0.0,,0.0
1284,23,28,link,1.0,0,0.0,0.0,0.0,0.0,,0.0
1285,24,28,entity_0,,0,0.0,1.0,0.0,1.0,,0.5
1286,0,29,entity_0,,0,2.0,1.0,1.0,2.0,,1.5
1287,1,29,entity_1,,0,2.0,1.0,1.0,2.0,,1.5
1288,2,29,node,,0,2.0,1.0,1.0,2.0,,1.5
1289,3,29,link,1.0,0,0.0,0.0,0.0,0.0,,0.0
1290,4,29,link,1.0,0,0.0,0.0,0.0,0.0,,0.0
1291,5,29,link,1.0,0,0.0,0.0,0.0,0.0,,0.0
1292,6,29,link,1.0,0,0.0,0.0,0.0,0.0,,0.0
1293,7,29,link,1.0,0,0.0,0.0,0.0,0.0,,0.0
1294,8,29,link,1.0,0,0.0,0.0,0.0,0.0,,0.0
1295,9,29,link,1.0,0,0.0,0.0,0.0,0.0,,0.0
1296,10,29,entity_2,,0,2.0,1.0,1.0,2.0,,1.5
1297,11,29,link,0.0,0,2.0,2.0,1.0,2.0,,1.75
1298,12,29,link,1.0,0,0.0,0.0,0.0,0.0,,0.0
1299,13,29,link,1.0,0,0.0,0.0,0.0,0.0,,0.0
1300,14,29,link,1.0,0,0.0,0.0,0.0,0.0,,0.0
1301,15,29,link,1.0,0,0.0,0.0,0.0,0.0,,0.0
1302,16,29,link,0.0,0,2.0,2.0,1.0,2.0,,1.75
1303,17,29,link,0.0,1,2.0,2.0,2.0,2.0,,2.0
1304,18,29,link,1.0,0,0.0,0.0,0.0,0.0,,0.0
1305,19,29,link,1.0,0,0.0,0.0,0.0,0.0,,0.0
1306,20,29,link,1.0,0,0.0,0.0,0.0,0.0,,0.0
1307,21,29,link,1.0,0,0.0,0.0,0.0,0.0,,0.0
1308,22,29,link,1.0,0,0.0,0.0,0.0,0.0,,0.0
1309,0,30,link,0.0,0,2.0,2.0,0.0,2.0,,1.5
1310,1,30,link,0.0,0,2.0,2.0,0.0,2.0,,1.5
1311,2,30,link,0.0,0,2.0,2.0,0.0,2.0,,1.5
1312,3,30,link,0.0,0,2.0,2.0,0.0,2.0,,1.5
1313,4,30,node,,0,2.0,2.0,2.0,2.0,,2.0
1314,5,30,node,,0,1.0,2.0,0.0,0.0,,0.75
1315,6,30,link,0.0,0,2.0,2.0,0.0,2.0,,1.5
1316,7,30,entity_1,,0,1.0,2.0,0.0,0.0,,0.75
1317,8,30,entity_0,,0,1.0,2.0,0.0,0.0,,0.75
1318,9,30,entity_0,,0,2.0,2.0,0.0,0.0,,1.0
1319,10,30,entity_0,,0,1.0,2.0,0.0,0.0,,0.75
1320,11,30,link,0.0,0,2.0,2.0,0.0,2.0,,1.5
1321,12,30,link,0.0,0,2.0,2.0,0.0,0.0,,1.0
1322,13,30,entity_1,,0,2.0,2.0,0.0,0.0,,1.0
1323,14,30,link,0.0,0,2.0,2.0,0.0,0.0,,1.0
1324,15,30,link,1.0,0,0.0,0.0,0.0,0.0,,0.0
1325,16,30,link,0.0,0,2.0,2.0,0.0,2.0,,1.5
1326,17,30,link,0.0,0,2.0,2.0,2.0,2.0,,2.0
1327,18,30,entity_1,,0,1.0,2.0,0.0,0.0,,0.75
1328,19,30,entity_1,,0,1.0,2.0,0.0,0.0,,0.75
1329,20,30,node,,0,2.0,2.0,0.0,0.0,,1.0
1330,21,30,link,0.0,0,2.0,2.0,0.0,2.0,,1.5
1331,22,30,link,0.0,0,2.0,2.0,0.0,2.0,,1.5
1332,23,30,link,0.0,1,2.0,2.0,2.0,2.0,,2.0
1333,24,30,entity_2,,0,2.0,2.0,0.0,2.0,,1.5
1334,25,30,link,0.0,0,2.0,2.0,2.0,2.0,,2.0
1335,26,30,link,0.0,0,2.0,2.0,2.0,2.0,,2.0
1336,27,30,entity_1,,0,2.0,2.0,2.0,2.0,,2.0
1337,28,30,link,0.0,0,2.0,2.0,0.0,2.0,,1.5
1338,29,30,link,0.0,0,2.0,2.0,0.0,2.0,,1.5
1339,30,30,node,,0,1.0,2.0,0.0,0.0,,0.75
1340,31,30,entity_0,,0,1.0,2.0,0.0,0.0,,0.75
1341,32,30,node,,0,1.0,2.0,0.0,0.0,,0.75
1342,33,30,link,0.0,0,2.0,2.0,0.0,2.0,,1.5
1343,34,30,link,0.0,0,2.0,2.0,0.0,2.0,,1.5
1344,35,30,link,0.0,0,2.0,2.0,2.0,2.0,,2.0
1345,36,30,link,0.0,0,2.0,2.0,0.0,2.0,,1.5
1346,37,30,entity_0,,0,2.0,2.0,2.0,2.0,,2.0
1347,0,31,link,0.0,1,,2.0,,2.0,,2.0
1348,1,31,link,1.0,0,,0.0,,0.0,,0.0
1349,2,31,entity_0,,0,,0.0,,0.0,,0.0
1350,3,31,link,1.0,0,,0.0,,0.0,,0.0
1351,4,31,link,1.0,0,,0.0,,0.0,,0.0
1352,5,31,entity_1,,0,,1.0,,2.0,,1.5
1353,6,31,link,1.0,0,,0.0,,0.0,,0.0
1354,7,31,link,1.0,0,,0.0,,0.0,,0.0
1355,8,31,link,1.0,0,,0.0,,0.0,,0.0
1356,9,31,link,1.0,0,,0.0,,0.0,,0.0
1357,10,31,link,1.0,0,,0.0,,0.0,,0.0
1358,11,31,link,1.0,0,,0.0,,0.0,,0.0
1359,12,31,entity_0,,0,,0.0,,2.0,,1.0
1360,13,31,link,1.0,0,,0.0,,0.0,,0.0
1361,14,31,link,0.0,0,,2.0,,2.0,,2.0
1362,15,31,link,1.0,0,,0.0,,0.0,,0.0
1363,16,31,link,1.0,0,,0.0,,0.0,,0.0
1364,17,31,entity_2,,0,,1.0,,2.0,,1.5
1365,18,31,link,1.0,0,,0.0,,0.0,,0.0
1366,19,31,node,,0,,1.0,,2.0,,1.5
1367,20,31,link,1.0,0,,0.0,,0.0,,0.0
1368,21,31,link,1.0,0,,0.0,,0.0,,0.0
1369,22,31,link,1.0,0,,0.0,,0.0,,0.0
1370,0,32,link,1.0,0,0.0,0.0,,0.0,0.0,0.0
1371,1,32,link,0.0,0,2.0,2.0,,2.0,1.0,1.75
1372,2,32,node,,0,2.0,1.0,,2.0,2.0,1.75
1373,3,32,link,1.0,0,0.0,0.0,,0.0,0.0,0.0
1374,4,32,link,1.0,0,0.0,0.0,,0.0,0.0,0.0
1375,5,32,link,1.0,0,0.0,0.0,,0.0,0.0,0.0
1376,6,32,link,0.0,0,2.0,2.0,,2.0,0.0,1.5
1377,7,32,link,0.0,0,2.0,2.0,,2.0,0.0,1.5
1378,8,32,entity_0,,0,1.0,0.0,,0.0,0.0,0.25
1379,9,32,entity_1,,0,2.0,1.0,,2.0,2.0,1.75
1380,10,32,entity_1,,0,1.0,0.0,,0.0,0.0,0.25
1381,11,32,entity_1,,0,0.0,1.0,,0.0,0.0,0.25
1382,12,32,link,0.0,1,2.0,2.0,,2.0,0.0,1.5
1383,13,32,link,1.0,0,0.0,0.0,,0.0,0.0,0.0
1384,14,32,entity_0,,0,0.0,0.0,,0.0,0.0,0.0
1385,15,32,link,1.0,0,0.0,0.0,,0.0,0.0,0.0
1386,16,32,link,1.0,0,0.0,0.0,,0.0,0.0,0.0
1387,17,32,link,0.0,0,2.0,2.0,,2.0,1.0,1.75
1388,18,32,node,,0,1.0,2.0,,0.0,0.0,0.75
1389,19,32,link,1.0,0,0.0,0.0,,0.0,0.0,0.0
1390,20,32,entity_1,,0,0.0,0.0,,0.0,0.0,0.0
1391,21,32,node,,0,0.0,0.0,,0.0,0.0,0.0
1392,22,32,link,0.0,0,2.0,2.0,,2.0,1.0,1.75
1393,23,32,entity_0,,0,1.0,2.0,,0.0,0.0,0.75
1394,24,32,link,1.0,0,0.0,0.0,,0.0,0.0,0.0
1395,25,32,entity_1,,0,1.0,2.0,,0.0,0.0,0.75
1396,26,32,entity_0,,0,1.0,1.0,,0.0,0.0,0.5
1397,27,32,link,0.0,0,2.0,2.0,,2.0,2.0,2.0
1398,28,32,entity_2,,0,2.0,2.0,,2.0,1.0,1.75
1399,29,32,entity_0,,0,2.0,1.0,,2.0,2.0,1.75
1400,30,32,node,,0,1.0,0.0,,0.0,0.0,0.25
1401,31,32,node,,0,1.0,0.0,,0.0,0.0,0.25
1402,0,33,link,1.0,0,2.0,2.0,,2.0,1.0,1.75
1403,1,33,link,1.0,0,2.0,2.0,,2.0,1.0,1.75
1404,2,33,link,1.0,0,2.0,2.0,,2.0,0.0,1.5
1405,3,33,node,,0,2.0,2.0,,2.0,2.0,2.0
1406,4,33,link,1.0,0,2.0,2.0,,2.0,1.0,1.75
1407,5,33,entity_0,,0,2.0,2.0,,2.0,2.0,2.0
1408,6,33,link,1.0,0,2.0,2.0,,2.0,1.0,1.75
1409,7,33,link,1.0,1,2.0,2.0,,0.0,2.0,1.5
1410,8,33,link,1.0,0,2.0,2.0,,2.0,0.0,1.5
1411,9,33,link,1.0,0,2.0,2.0,,2.0,0.0,1.5
1412,10,33,link,1.0,0,2.0,2.0,,2.0,0.0,1.5
1413,11,33,entity_1,,0,2.0,2.0,,2.0,2.0,2.0
1414,12,33,link,0.0,0,0.0,0.0,,0.0,0.0,0.0
1415,13,33,link,1.0,0,2.0,2.0,,2.0,1.0,1.75
1416,14,33,link,1.0,0,2.0,2.0,,2.0,0.0,1.5
1417,15,33,link,1.0,0,2.0,2.0,,2.0,0.0,1.5
1418,16,33,entity_2,,0,2.0,2.0,,2.0,2.0,2.0
1419,17,33,link,1.0,0,2.0,2.0,,2.0,0.0,1.5
1420,18,33,link,1.0,0,2.0,2.0,,2.0,0.0,1.5
1421,19,33,entity_0,,0,0.0,0.0,,0.0,0.0,0.0
1422,20,33,link,1.0,0,2.0,2.0,,2.0,0.0,1.5
1423,21,33,link,0.0,0,0.0,0.0,,0.0,0.0,0.0
1424,0,34,entity_0,,0,2.0,2.0,,2.0,2.0,2.0
1425,1,34,link,1.0,0,2.0,2.0,,2.0,2.0,2.0
1426,2,34,entity_1,,0,1.0,1.0,,0.0,0.0,0.5
1427,3,34,node,,0,1.0,1.0,,0.0,0.0,0.5
1428,4,34,node,,0,0.0,0.0,,0.0,0.0,0.0
1429,5,34,link,1.0,0,2.0,2.0,,2.0,2.0,2.0
1430,6,34,link,0.0,0,0.0,0.0,,0.0,0.0,0.0
1431,7,34,entity_0,,0,1.0,1.0,,0.0,0.0,0.5
1432,8,34,link,1.0,0,2.0,2.0,,2.0,2.0,2.0
1433,9,34,entity_0,,0,0.0,0.0,,0.0,0.0,0.0
1434,10,34,node,,0,1.0,2.0,,2.0,0.0,1.25
1435,11,34,node,,0,0.0,0.0,,0.0,0.0,0.0
1436,12,34,entity_1,,0,0.0,0.0,,0.0,0.0,0.0
1437,13,34,entity_0,,0,0.0,0.0,,0.0,0.0,0.0
1438,14,34,link,1.0,0,2.0,2.0,,2.0,2.0,2.0
1439,15,34,link,0.0,0,0.0,0.0,,0.0,0.0,0.0
1440,16,34,link,0.0,0,0.0,0.0,,0.0,0.0,0.0
1441,17,34,link,0.0,0,0.0,0.0,,0.0,0.0,0.0
1442,18,34,link,1.0,0,2.0,2.0,,2.0,2.0,2.0
1443,19,34,entity_1,,0,2.0,2.0,,2.0,2.0,2.0
1444,20,34,link,1.0,0,2.0,2.0,,2.0,2.0,2.0
1445,21,34,link,0.0,0,0.0,0.0,,0.0,0.0,0.0
1446,22,34,link,1.0,1,2.0,2.0,,2.0,2.0,2.0
1447,23,34,link,0.0,0,0.0,0.0,,0.0,0.0,0.0
1448,24,34,entity_1,,0,1.0,2.0,,2.0,0.0,1.25
1449,25,34,link,1.0,0,2.0,2.0,,2.0,2.0,2.0
1450,26,34,entity_1,,0,0.0,0.0,,0.0,0.0,0.0
1451,27,34,node,,0,2.0,2.0,,2.0,2.0,2.0
1452,28,34,entity_0,,0,1.0,2.0,,2.0,0.0,1.25
1453,29,34,link,0.0,0,0.0,0.0,,0.0,0.0,0.0
1454,30,34,entity_2,,0,2.0,1.0,,2.0,2.0,1.75
1455,0,35,entity_2,,0,,2.0,,,2.0,2.0
1456,1,35,entity_1,,0,,0.0,,,0.0,0.0
1457,2,35,entity_2,,0,,0.0,,,0.0,0.0
1458,3,35,link,0.0,0,,0.0,,,0.0,0.0
1459,4,35,link,1.0,0,,2.0,,,2.0,2.0
1460,5,35,entity_0,,0,,0.0,,,0.0,0.0
1461,6,35,link,0.0,0,,0.0,,,0.0,0.0
1462,7,35,link,1.0,0,,0.0,,,0.0,0.0
1463,8,35,link,0.0,0,,0.0,,,0.0,0.0
1464,9,35,link,0.0,0,,0.0,,,0.0,0.0
1465,10,35,entity_0,,0,,2.0,,,2.0,2.0
1466,11,35,link,1.0,0,,2.0,,,2.0,2.0
1467,12,35,entity_1,,0,,2.0,,,2.0,2.0
1468,13,35,node,,0,,2.0,,,2.0,2.0
1469,14,35,node,,0,,0.0,,,0.0,0.0
1470,15,35,entity_0,,0,,0.0,,,0.0,0.0
1471,16,35,entity_2,,0,,0.0,,,0.0,0.0
1472,17,35,link,1.0,0,,0.0,,,0.0,0.0
1473,18,35,link,1.0,0,,2.0,,,2.0,2.0
1474,19,35,link,0.0,0,,0.0,,,0.0,0.0
1475,20,35,entity_1,,0,,0.0,,,0.0,0.0
1476,21,35,link,1.0,1,,2.0,,,2.0,2.0
1477,22,35,link,0.0,0,,0.0,,,0.0,0.0
1478,23,35,link,1.0,0,,0.0,,,2.0,1.0
1479,24,35,entity_2,,0,,0.0,,,0.0,0.0
1480,25,35,link,1.0,0,,2.0,,,2.0,2.0
1481,26,35,link,0.0,0,,0.0,,,0.0,0.0
1482,0,36,entity_0,,0,0.0,0.0,0.0,,,0.0
1483,1,36,entity_0,,0,0.0,0.0,0.0,,,0.0
1484,2,36,entity_1,,0,0.0,0.0,0.0,,,0.0
1485,3,36,link,1.0,0,0.0,0.0,0.0,,,0.0
1486,4,36,node,,0,0.0,0.0,0.0,,,0.0
1487,5,36,link,1.0,0,0.0,0.0,0.0,,,0.0
1488,6,36,link,0.0,0,2.0,2.0,2.0,,,2.0
1489,7,36,link,0.0,1,2.0,2.0,2.0,,,2.0
1490,8,36,link,1.0,0,0.0,0.0,0.0,,,0.0
1491,9,36,node,,0,0.0,0.0,0.0,,,0.0
1492,10,36,entity_1,,0,0.0,0.0,0.0,,,0.0
1493,11,36,link,1.0,0,0.0,0.0,0.0,,,0.0
1494,12,36,link,1.0,0,0.0,0.0,0.0,,,0.0
1495,13,36,entity_0,,0,0.0,0.0,0.0,,,0.0
1496,14,36,link,1.0,0,0.0,0.0,0.0,,,0.0
1497,15,36,link,1.0,0,0.0,0.0,0.0,,,0.0
1498,16,36,link,1.0,0,0.0,0.0,0.0,,,0.0
1499,17,36,entity_1,,0,0.0,0.0,1.0,,,0.3333333333333333
1500,18,36,entity_1,,0,0.0,0.0,0.0,,,0.0
1501,19,36,node,,0,0.0,0.0,0.0,,,0.0
1502,20,36,entity_2,,0,2.0,1.0,2.0,,,1.6666666666666667
1503,21,36,entity_0,,0,0.0,0.0,1.0,,,0.3333333333333333
1504,22,36,node,,0,0.0,0.0,1.0,,,0.3333333333333333
1505,23,36,link,1.0,0,0.0,0.0,0.0,,,0.0
1506,0,37,entity_0,,0,0.0,0.0,0.0,,0.0,0.0
1507,1,37,node,,0,0.0,0.0,0.0,,0.0,0.0
1508,2,37,link,0.0,0,2.0,2.0,1.0,,1.0,1.5
1509,3,37,entity_1,,0,0.0,0.0,0.0,,0.0,0.0
1510,4,37,link,1.0,0,0.0,0.0,0.0,,0.0,0.0
1511,5,37,link,1.0,0,0.0,0.0,0.0,,0.0,0.0
1512,6,37,link,0.0,0,2.0,2.0,1.0,,1.0,1.5
1513,7,37,entity_0,,0,2.0,2.0,2.0,,2.0,2.0
1514,8,37,link,0.0,0,2.0,0.0,2.0,,2.0,1.5
1515,9,37,link,1.0,0,0.0,0.0,0.0,,0.0,0.0
1516,10,37,link,0.0,0,2.0,2.0,1.0,,1.0,1.5
1517,11,37,entity_2,,0,2.0,1.0,2.0,,1.0,1.5
1518,12,37,entity_1,,0,0.0,0.0,0.0,,0.0,0.0
1519,13,37,entity_0,,0,1.0,2.0,0.0,,0.0,0.75
1520,14,37,node,,0,2.0,2.0,2.0,,2.0,2.0
1521,15,37,link,0.0,1,2.0,2.0,0.0,,2.0,1.5
1522,16,37,link,1.0,0,0.0,0.0,0.0,,0.0,0.0
1523,17,37,entity_1,,0,2.0,2.0,2.0,,2.0,2.0
1524,18,37,node,,0,1.0,2.0,0.0,,0.0,0.75
1525,19,37,node,,0,0.0,0.0,0.0,,0.0,0.0
1526,20,37,entity_1,,0,1.0,2.0,0.0,,0.0,0.75
1527,21,37,link,1.0,0,0.0,0.0,0.0,,0.0,0.0
1528,22,37,entity_0,,0,0.0,0.0,0.0,,0.0,0.0
1529,0,38,link,0.0,0,0.0,0.0,0.0,,0.0,0.0
1530,1,38,link,0.0,0,0.0,0.0,0.0,,0.0,0.0
1531,2,38,link,0.0,0,0.0,0.0,0.0,,0.0,0.0
1532,3,38,entity_1,,0,0.0,0.0,0.0,,0.0,0.0
1533,4,38,link,1.0,0,2.0,0.0,2.0,,2.0,1.5
1534,5,38,link,0.0,0,0.0,0.0,0.0,,0.0,0.0
1535,6,38,link,1.0,1,2.0,2.0,2.0,,2.0,2.0
1536,7,38,link,0.0,0,0.0,0.0,0.0,,0.0,0.0
1537,8,38,link,1.0,0,2.0,0.0,2.0,,2.0,1.5
1538,9,38,link,1.0,0,2.0,0.0,2.0,,2.0,1.5
1539,10,38,link,0.0,0,0.0,0.0,0.0,,0.0,0.0
1540,11,38,link,1.0,0,2.0,0.0,2.0,,2.0,1.5
1541,12,38,link,0.0,0,0.0,0.0,0.0,,0.0,0.0
1542,13,38,node,,0,2.0,2.0,2.0,,2.0,2.0
1543,14,38,link,0.0,0,0.0,0.0,0.0,,0.0,0.0
1544,15,38,entity_0,,0,2.0,2.0,2.0,,2.0,2.0
1545,16,38,node,,0,0.0,0.0,0.0,,0.0,0.0
1546,17,38,entity_2,,0,1.0,1.0,2.0,,1.0,1.25
1547,18,38,entity_0,,0,0.0,0.0,0.0,,0.0,0.0
1548,19,38,entity_1,,0,2.0,2.0,2.0,,2.0,2.0
1549,20,38,link,1.0,0,2.0,0.0,2.0,,2.0,1.5
1550,0,39,link,0.0,0,,,0.0,,0.0,0.0
1551,1,39,entity_1,,0,,,0.0,,0.0,0.0
1552,2,39,link,1.0,0,,,2.0,,2.0,2.0
1553,3,39,link,0.0,0,,,0.0,,0.0,0.0
1554,4,39,link,1.0,0,,,1.0,,1.0,1.0
1555,5,39,link,0.0,0,,,0.0,,0.0,0.0
1556,6,39,entity_0,,0,,,2.0,,2.0,2.0
1557,7,39,entity_2,,0,,,2.0,,1.0,1.5
1558,8,39,link,1.0,0,,,1.0,,1.0,1.0
1559,9,39,entity_1,,0,,,2.0,,2.0,2.0
1560,10,39,link,0.0,0,,,0.0,,0.0,0.0
1561,11,39,node,,0,,,0.0,,0.0,0.0
1562,12,39,node,,0,,,0.0,,0.0,0.0
1563,13,39,link,1.0,1,,,2.0,,0.0,1.0
1564,14,39,entity_0,,0,,,0.0,,0.0,0.0
1565,15,39,entity_1,,0,,,0.0,,0.0,0.0
1566,16,39,entity_0,,0,,,0.0,,0.0,0.0
1567,17,39,link,0.0,0,,,0.0,,0.0,0.0
1568,18,39,link,0.0,0,,,0.0,,0.0,0.0
1569,19,39,node,,0,,,2.0,,2.0,2.0
1570,0,40,link,0.0,0,,,2.0,,2.0,2.0
1571,1,40,link,0.0,1,,,2.0,,2.0,2.0
1572,2,40,entity_2,,0,,,0.0,,0.0,0.0
1573,3,40,link,0.0,0,,,2.0,,2.0,2.0
1574,4,40,link,0.0,0,,,0.0,,0.0,0.0
1575,5,40,link,0.0,0,,,0.0,,0.0,0.0
1576,6,40,link,0.0,0,,,0.0,,0.0,0.0
1577,7,40,link,0.0,0,,,0.0,,0.0,0.0
1578,8,40,link,0.0,0,,,0.0,,0.0,0.0
1579,9,40,entity_1,,0,,,0.0,,0.0,0.0
1580,10,40,entity_2,,0,,,0.0,,0.0,0.0
1581,11,40,link,0.0,0,,,2.0,,1.0,1.5
1582,12,40,link,1.0,0,,,0.0,,0.0,0.0
1583,13,40,entity_0,,0,,,2.0,,2.0,2.0
1584,14,40,entity_1,,0,,,2.0,,2.0,2.0
1585,15,40,link,0.0,0,,,0.0,,0.0,0.0
1586,16,40,entity_0,,0,,,0.0,,0.0,0.0
1587,17,40,entity_2,,0,,,2.0,,2.0,2.0
1588,18,40,link,0.0,0,,,0.0,,0.0,0.0
1589,19,40,node,,0,,,2.0,,2.0,2.0
1590,20,40,link,0.0,0,,,0.0,,0.0,0.0
